index,timestamp,datetime,soil_moisture_raw,soil_temp_c,air_temp_c,air_humidity_pct,lux,checksum_ok
0,1773700996,2026-03-16 22:43:16,2865,19.06,19.07,45.44,3.3,OK
1,1773701596,2026-03-16 22:53:16,2909,18.37,18.97,45.12,3.3,OK
2,1773702196,2026-03-16 23:03:16,2956,18.25,18.92,47.88,3.3,OK
3,1773702796,2026-03-16 23:13:16,2993,18.18,19.11,46.55,3.3,OK
4,1773703396,2026-03-16 23:23:16,3015,18.12,18.52,46.42,3.3,OK
5,1773703996,2026-03-16 23:33:16,3061,18.00,22.01,44.23,0.0,OK
6,1773704596,2026-03-16 23:43:16,3103,18.00,22.39,44.55,0.0,OK
7,1773705196,2026-03-16 23:53:16,3116,17.93,22.58,45.18,0.0,OK
8,1773705796,2026-03-17 00:03:16,3115,18.00,22.65,45.58,0.0,OK
9,1773706396,2026-03-17 00:13:16,3161,18.18,22.81,45.83,0.0,OK
10,1773706996,2026-03-17 00:23:16,3176,18.37,22.92,46.28,0.0,OK
11,1773707596,2026-03-17 00:33:16,3184,18.56,22.85,46.85,0.0,OK
12,1773708196,2026-03-17 00:43:16,3222,18.75,22.88,47.17,0.0,OK
13,1773708796,2026-03-17 00:53:16,3233,18.93,22.97,47.32,0.0,OK
14,1773709396,2026-03-17 01:03:16,3231,19.18,23.01,47.75,0.0,OK
15,1773709996,2026-03-17 01:13:16,3268,19.37,23.06,48.12,0.0,OK
16,1773710596,2026-03-17 01:23:16,3276,19.56,23.00,48.75,0.0,OK
17,1773711196,2026-03-17 01:33:16,3299,19.75,23.12,48.82,0.0,OK
18,1773711796,2026-03-17 01:43:16,3307,19.87,22.98,49.42,0.0,OK
19,1773712396,2026-03-17 01:53:16,3315,20.06,23.04,49.39,0.0,OK
20,1773712996,2026-03-17 02:03:16,3338,20.18,22.78,49.50,0.0,OK
21,1773713596,2026-03-17 02:13:16,3362,20.31,22.79,50.10,0.0,OK
22,1773714196,2026-03-17 02:23:16,3382,20.37,23.04,50.15,0.0,OK
23,1773714796,2026-03-17 02:33:16,3415,20.50,22.97,49.95,0.0,OK
24,1773715396,2026-03-17 02:43:16,3428,20.56,23.01,50.68,0.0,OK
25,1773715996,2026-03-17 02:53:16,3436,20.62,23.13,50.38,0.0,OK
26,1773716596,2026-03-17 03:03:16,3435,20.68,22.92,51.26,0.0,OK
27,1773717196,2026-03-17 03:13:16,3435,20.75,23.04,51.34,0.0,OK
28,1773717796,2026-03-17 03:23:16,3469,20.81,22.92,51.35,0.0,OK
29,1773718396,2026-03-17 03:33:16,3491,20.87,22.88,51.83,0.0,OK
30,1773718996,2026-03-17 03:43:16,3516,20.93,23.02,51.78,0.0,OK
31,1773719596,2026-03-17 03:53:16,3524,20.93,22.93,51.69,0.0,OK
32,1773720196,2026-03-17 04:03:16,3523,21.00,22.92,52.29,0.0,OK
33,1773720796,2026-03-17 04:13:16,3520,21.06,23.09,52.37,0.0,OK
34,1773721396,2026-03-17 04:23:16,3528,21.06,22.93,52.31,0.0,OK
35,1773721996,2026-03-17 04:33:16,3560,21.06,23.06,52.82,0.0,OK
36,1773722596,2026-03-17 04:43:16,3532,21.12,23.13,53.36,0.0,OK
37,1773723196,2026-03-17 04:53:16,3545,21.12,23.09,53.85,0.0,OK
38,1773723796,2026-03-17 05:03:16,3555,21.18,23.14,52.90,0.0,OK
39,1773724396,2026-03-17 05:13:16,3560,21.18,23.09,53.30,0.0,OK
40,1773724996,2026-03-17 05:23:16,3569,21.25,23.09,53.37,0.0,OK
41,1773725596,2026-03-17 05:33:16,3572,21.25,23.10,53.35,0.0,OK
42,1773726196,2026-03-17 05:43:16,3585,21.31,23.07,53.28,0.0,OK
43,1773726796,2026-03-17 05:53:16,3602,21.31,23.15,53.38,0.8,OK
44,1773727396,2026-03-17 06:03:16,3618,21.31,22.97,54.03,10.8,OK
45,1773727996,2026-03-17 06:13:16,3631,21.37,23.11,53.84,49.1,OK
46,1773728596,2026-03-17 06:23:16,3607,21.37,23.08,54.06,152.5,OK
47,1773729196,2026-03-17 06:33:16,3634,21.37,23.28,53.67,396.6,OK
48,1773729796,2026-03-17 06:43:16,3666,21.43,23.50,52.81,868.3,OK
49,1773730396,2026-03-17 06:53:16,3648,21.37,23.83,52.31,1405.8,OK
50,1773730996,2026-03-17 07:03:16,3694,21.43,24.67,50.37,2584.1,OK
51,1773731596,2026-03-17 07:13:16,3697,21.50,26.08,47.01,4560.0,OK
52,1773732196,2026-03-17 07:23:16,3724,21.56,27.03,45.09,4067.4,OK
53,1773732796,2026-03-17 07:33:16,3712,21.68,28.29,42.10,4648.3,OK
54,1773733396,2026-03-17 07:43:16,3712,21.87,29.17,40.19,4098.9,OK
55,1773733996,2026-03-17 07:53:16,3724,22.18,29.76,39.28,5437.2,OK
56,1773734596,2026-03-17 08:03:16,3720,22.50,28.93,40.03,6234.7,OK
57,1773735196,2026-03-17 08:13:16,3722,22.87,27.95,42.13,550.2,OK
58,1773735796,2026-03-17 08:23:16,3713,23.25,27.58,42.36,921.9,OK
59,1773736396,2026-03-17 08:33:16,3666,23.68,22.79,38.70,540.2,OK
60,1773736996,2026-03-17 08:43:16,3639,24.12,21.35,40.32,3571.4,OK
61,1773737596,2026-03-17 08:53:16,3651,24.37,23.43,38.93,4123.3,OK
62,1773738196,2026-03-17 09:03:16,3654,24.43,23.16,39.54,3794.1,OK
63,1773738796,2026-03-17 09:13:16,3653,24.37,22.10,41.57,3560.8,OK
64,1773739396,2026-03-17 09:23:16,3675,24.18,22.56,41.45,3369.9,OK
65,1773739996,2026-03-17 09:33:16,3665,24.00,22.67,40.11,3259.1,OK
66,1773740596,2026-03-17 09:43:16,3627,23.75,22.31,40.55,3280.8,OK
67,1773741196,2026-03-17 09:53:16,3651,23.50,22.23,41.22,3168.3,OK
68,1773741796,2026-03-17 10:03:16,3666,23.25,22.52,41.09,3037.5,OK
69,1773742396,2026-03-17 10:13:16,3662,23.00,21.89,41.13,2864.1,OK
70,1773742996,2026-03-17 10:23:16,3676,22.81,22.37,40.05,2725.8,OK
71,1773743596,2026-03-17 10:33:16,3651,22.62,22.70,37.57,2531.6,OK
72,1773744196,2026-03-17 10:43:16,3644,22.43,22.68,42.34,2315.0,OK
73,1773744796,2026-03-17 10:53:16,3630,22.25,22.66,37.25,2038.3,OK
74,1773745396,2026-03-17 11:03:16,3631,22.12,22.51,37.12,1835.8,OK
75,1773745996,2026-03-17 11:13:16,3618,22.00,22.54,40.40,1754.1,OK
76,1773746596,2026-03-17 11:23:16,3627,21.87,22.26,36.97,1727.4,OK
77,1773747196,2026-03-17 11:33:16,3652,21.75,22.30,36.28,1743.3,OK
78,1773747796,2026-03-17 11:43:16,3657,21.62,22.84,36.11,1814.9,OK
79,1773748396,2026-03-17 11:53:16,3669,21.50,22.02,32.67,2008.3,OK
80,1773748996,2026-03-17 12:03:16,3680,21.43,22.99,35.08,2271.6,OK
81,1773749596,2026-03-17 12:13:16,3683,21.37,22.92,32.28,2255.0,OK
82,1773750196,2026-03-17 12:23:16,3694,21.31,23.39,32.83,2463.3,OK
83,1773750796,2026-03-17 12:33:16,3685,21.25,22.91,32.05,2243.3,OK
84,1773751396,2026-03-17 12:43:16,3689,21.25,23.35,32.54,2107.5,OK
85,1773751996,2026-03-17 12:53:16,3702,21.25,23.27,31.59,2056.6,OK
86,1773752596,2026-03-17 13:03:16,3713,21.18,22.92,32.13,1719.1,OK
87,1773753196,2026-03-17 13:13:16,3702,21.25,22.90,32.05,1779.1,OK
88,1773753796,2026-03-17 13:23:16,3710,21.25,22.69,30.98,2115.0,OK
89,1773754396,2026-03-17 13:33:16,3710,21.25,23.32,30.81,2229.1,OK
90,1773754996,2026-03-17 13:43:16,3706,21.25,22.99,30.48,1891.6,OK
91,1773755596,2026-03-17 13:53:16,3703,21.25,23.27,32.43,1890.8,OK
92,1773756196,2026-03-17 14:03:16,3717,21.18,23.08,30.09,2046.6,OK
93,1773756796,2026-03-17 14:13:16,3711,21.18,22.75,29.30,1830.8,OK
94,1773757396,2026-03-17 14:23:16,3714,21.18,22.43,29.73,1713.3,OK
95,1773757996,2026-03-17 14:33:16,3709,21.25,23.12,29.61,1788.3,OK
96,1773758596,2026-03-17 14:43:16,3702,21.18,22.82,29.09,1820.8,OK
97,1773759196,2026-03-17 14:53:16,3708,21.25,22.99,33.07,1775.8,OK
98,1773759796,2026-03-17 15:03:16,3707,21.25,22.86,30.52,1574.9,OK
99,1773760396,2026-03-17 15:13:16,3733,21.18,22.50,30.69,1598.3,OK
100,1773760996,2026-03-17 15:23:16,3729,21.18,22.36,30.23,1614.9,OK
101,1773761596,2026-03-17 15:33:16,3726,21.18,21.80,30.12,1575.8,OK
102,1773762196,2026-03-17 15:43:16,3722,21.12,21.83,31.21,1640.8,OK
103,1773762796,2026-03-17 15:53:16,3735,21.06,21.38,31.87,1435.0,OK
104,1773763396,2026-03-17 16:03:16,3742,21.00,21.10,32.88,1274.1,OK
105,1773763996,2026-03-17 16:13:16,3740,20.87,20.96,31.87,1341.6,OK
106,1773764596,2026-03-17 16:23:16,3748,20.81,21.12,31.19,1453.3,OK
107,1773765196,2026-03-17 16:33:16,3753,20.62,21.19,31.97,1217.5,OK
108,1773765796,2026-03-17 16:43:16,3759,20.56,20.97,32.84,960.8,OK
109,1773766396,2026-03-17 16:53:16,3752,20.43,20.56,32.83,810.8,OK
110,1773766996,2026-03-17 17:03:16,3755,20.31,20.57,34.76,775.8,OK
111,1773767596,2026-03-17 17:13:16,3765,20.25,20.35,34.07,698.3,OK
112,1773768196,2026-03-17 17:23:16,3761,20.12,20.40,34.37,562.5,OK
113,1773768796,2026-03-17 17:33:16,3753,20.00,20.47,34.43,448.3,OK
114,1773769396,2026-03-17 17:43:16,3762,19.87,20.48,36.09,308.3,OK
115,1773769996,2026-03-17 17:53:16,3764,19.75,20.07,36.02,180.0,OK
116,1773770596,2026-03-17 18:03:16,3768,19.68,19.96,37.94,97.4,OK
117,1773771196,2026-03-17 18:13:16,3772,19.62,19.80,37.55,38.3,OK
118,1773771796,2026-03-17 18:23:16,3785,19.50,19.88,36.62,11.6,OK
119,1773772396,2026-03-17 18:33:16,3794,19.37,20.82,40.01,2.5,OK
120,1773772996,2026-03-17 18:43:16,3787,19.31,21.01,41.61,1.6,OK
121,1773773596,2026-03-17 18:53:16,3787,19.25,20.73,45.64,0.8,OK
122,1773774196,2026-03-17 19:03:16,3792,19.18,20.63,44.48,1.6,OK
123,1773774796,2026-03-17 19:13:16,3796,19.18,20.64,48.26,1.6,OK
124,1773775396,2026-03-17 19:23:16,3799,19.18,20.49,46.06,0.8,OK
125,1773775996,2026-03-17 19:33:16,3799,19.18,20.59,47.23,1.6,OK
126,1773776596,2026-03-17 19:43:16,3802,19.18,20.56,51.69,1.6,OK
127,1773777196,2026-03-17 19:53:16,3795,19.12,20.43,50.75,0.8,OK
128,1773777796,2026-03-17 20:03:16,3806,19.12,20.15,47.66,0.8,OK
129,1773778396,2026-03-17 20:13:16,3808,19.06,19.94,47.96,1.6,OK
130,1773778996,2026-03-17 20:23:16,3816,19.06,19.99,46.64,0.8,OK
131,1773779596,2026-03-17 20:33:16,3826,19.00,20.41,44.69,1.6,OK
132,1773780196,2026-03-17 20:43:16,3822,18.93,20.18,46.83,1.6,OK
133,1773780796,2026-03-17 20:53:16,3824,18.87,19.52,44.51,1.6,OK
134,1773781397,2026-03-17 21:03:17,3828,18.81,19.06,43.12,0.8,OK
135,1773781997,2026-03-17 21:13:17,3831,18.75,19.15,45.91,1.6,OK
136,1773782597,2026-03-17 21:23:17,3835,18.62,18.65,43.13,1.6,OK
137,1773783197,2026-03-17 21:33:17,3841,18.56,18.66,45.58,0.8,OK
138,1773783797,2026-03-17 21:43:17,3852,18.43,19.01,44.79,1.6,OK
139,1773784397,2026-03-17 21:53:17,3852,18.31,18.64,44.45,0.8,OK
140,1773784997,2026-03-17 22:03:17,3857,18.25,18.57,44.08,1.6,OK
141,1773785597,2026-03-17 22:13:17,3854,18.12,18.45,45.01,0.8,OK
142,1773786197,2026-03-17 22:23:17,3862,18.00,18.64,47.06,0.8,OK
143,1773786797,2026-03-17 22:33:17,3863,17.93,19.32,45.22,0.8,OK
144,1773787397,2026-03-17 22:43:17,3862,17.87,19.41,47.99,0.8,OK
145,1773787997,2026-03-17 22:53:17,3866,17.81,19.05,45.89,0.8,OK
146,1773788597,2026-03-17 23:03:17,3866,17.75,18.66,45.21,0.8,OK
147,1773789197,2026-03-17 23:13:17,3864,17.68,18.28,45.89,0.8,OK
148,1773789797,2026-03-17 23:23:17,3873,17.68,18.15,47.65,1.6,OK
149,1773790397,2026-03-17 23:33:17,3877,17.62,18.00,48.05,0.8,OK
150,1773790997,2026-03-17 23:43:17,3864,17.56,18.22,47.04,0.8,OK
151,1773791597,2026-03-17 23:53:17,3874,17.50,18.18,49.37,0.8,OK
152,1773792197,2026-03-18 00:03:17,3877,17.43,18.03,47.49,0.0,OK
153,1773792797,2026-03-18 00:13:17,3876,17.43,17.70,48.64,0.0,OK
154,1773793397,2026-03-18 00:23:17,3885,17.31,17.56,47.45,0.0,OK
155,1773793997,2026-03-18 00:33:17,3881,17.25,17.67,47.57,0.0,OK
156,1773794597,2026-03-18 00:43:17,3887,17.25,17.40,48.57,0.0,OK
157,1773795197,2026-03-18 00:53:17,3887,17.12,17.41,48.35,0.0,OK
158,1773795797,2026-03-18 01:03:17,3897,17.06,17.33,47.37,0.0,OK
159,1773796397,2026-03-18 01:13:17,3897,17.00,17.36,46.54,0.0,OK
160,1773796997,2026-03-18 01:23:17,3899,16.87,17.25,46.05,0.0,OK
161,1773797597,2026-03-18 01:33:17,3900,16.81,17.22,48.71,0.0,OK
162,1773798197,2026-03-18 01:43:17,3904,16.75,17.03,48.08,0.0,OK
163,1773798797,2026-03-18 01:53:17,3904,16.68,17.01,48.35,0.0,OK
164,1773799397,2026-03-18 02:03:17,3900,16.68,19.29,47.59,0.0,OK
165,1773799997,2026-03-18 02:13:17,3913,16.62,21.30,44.29,0.0,OK
166,1773800597,2026-03-18 02:23:17,3923,16.56,21.65,44.17,0.0,OK
167,1773801197,2026-03-18 02:33:17,3921,16.62,21.67,45.59,0.0,OK
168,1773801797,2026-03-18 02:43:17,3928,16.81,21.91,45.02,0.0,OK
169,1773802397,2026-03-18 02:53:17,3922,17.00,21.96,46.22,0.0,OK
170,1773802997,2026-03-18 03:03:17,3917,17.25,22.01,46.68,0.0,OK
171,1773803597,2026-03-18 03:13:17,3914,17.50,22.05,47.28,0.0,OK
172,1773804197,2026-03-18 03:23:17,3921,17.75,22.14,47.92,0.0,OK
173,1773804797,2026-03-18 03:33:17,3912,18.06,22.21,49.35,0.0,OK
174,1773805397,2026-03-18 03:43:17,3912,18.25,22.33,49.30,0.0,OK
175,1773805997,2026-03-18 03:53:17,3917,18.50,22.16,49.59,0.0,OK
176,1773806597,2026-03-18 04:03:17,3905,18.68,22.19,49.67,0.0,OK
177,1773807197,2026-03-18 04:13:17,3910,18.93,22.34,49.62,0.0,OK
178,1773807797,2026-03-18 04:23:17,3907,19.06,22.23,48.79,0.0,OK
179,1773808397,2026-03-18 04:33:17,3905,19.25,22.28,48.89,0.0,OK
180,1773808997,2026-03-18 04:43:17,3906,19.43,22.38,49.50,0.0,OK
181,1773809597,2026-03-18 04:53:17,3910,19.56,22.25,50.63,0.0,OK
182,1773810197,2026-03-18 05:03:17,3916,19.68,22.31,50.47,0.0,OK
183,1773810797,2026-03-18 05:13:17,3912,19.81,22.46,51.06,0.0,OK
184,1773811397,2026-03-18 05:23:17,3909,19.87,22.30,49.95,0.0,OK
185,1773811997,2026-03-18 05:33:17,3910,20.00,22.47,50.60,0.0,OK
186,1773812597,2026-03-18 05:43:17,3910,20.06,22.43,51.09,0.0,OK
187,1773813197,2026-03-18 05:53:17,3911,20.18,22.54,50.80,3.3,OK
188,1773813797,2026-03-18 06:03:17,3912,20.25,22.42,51.33,21.6,OK
189,1773814397,2026-03-18 06:13:17,3913,20.31,22.44,51.43,85.0,OK
190,1773814997,2026-03-18 06:23:17,3912,20.37,22.51,51.13,253.3,OK
191,1773815597,2026-03-18 06:33:17,3914,20.43,22.75,50.44,566.6,OK
192,1773816197,2026-03-18 06:43:17,3921,20.50,22.95,50.16,1258.3,OK
193,1773816797,2026-03-18 06:53:17,3919,20.56,23.53,49.05,1718.3,OK
194,1773817397,2026-03-18 07:03:17,3920,20.62,24.43,47.14,3016.6,OK
195,1773817997,2026-03-18 07:13:17,3921,20.75,26.02,43.48,5517.5,OK
196,1773818597,2026-03-18 07:23:17,3918,20.87,26.84,41.15,4293.3,OK
197,1773819197,2026-03-18 07:33:17,3893,21.06,22.93,39.19,4190.8,OK
198,1773819797,2026-03-18 07:43:17,3806,21.37,21.87,38.76,3399.7,OK
199,1773820397,2026-03-18 07:53:17,3876,21.56,23.02,37.42,35.2,OK
200,1773820997,2026-03-18 08:03:17,3885,21.62,23.38,37.16,1048.6,OK
201,1773821597,2026-03-18 08:13:17,3891,21.50,21.52,38.17,1343.6,OK
202,1773822197,2026-03-18 08:23:17,3895,21.43,22.65,37.37,1985.2,OK
203,1773822797,2026-03-18 08:33:17,3899,21.43,22.26,38.53,1696.9,OK
204,1773823397,2026-03-18 08:43:17,3898,21.43,22.10,37.08,5206.4,OK
205,1773823997,2026-03-18 08:53:17,3892,21.50,21.25,37.86,3799.1,OK
206,1773824597,2026-03-18 09:03:17,3902,21.50,24.18,38.12,3989.1,OK
207,1773825197,2026-03-18 09:13:17,3917,21.56,25.11,37.27,3697.4,OK
208,1773825797,2026-03-18 09:23:17,3908,21.68,25.26,37.95,3574.1,OK
209,1773826397,2026-03-18 09:33:17,3905,21.81,25.35,38.71,3484.9,OK
210,1773826997,2026-03-18 09:43:17,3917,22.06,25.15,39.03,3201.6,OK
211,1773827597,2026-03-18 09:53:17,3915,22.31,25.46,39.04,3686.6,OK
212,1773828197,2026-03-18 10:03:17,3910,22.56,25.37,39.32,3279.9,OK
213,1773828797,2026-03-18 10:13:17,3920,22.75,25.34,39.29,3474.9,OK
214,1773829397,2026-03-18 10:23:17,3913,22.93,25.58,39.06,3354.1,OK
215,1773829997,2026-03-18 10:33:17,3908,23.06,25.75,38.89,3304.1,OK
216,1773830597,2026-03-18 10:43:17,3915,23.18,25.67,39.22,2985.8,OK
217,1773831197,2026-03-18 10:53:17,3911,23.37,25.37,39.40,2415.8,OK
218,1773831797,2026-03-18 11:03:17,3914,23.43,25.18,39.48,2275.0,OK
219,1773832397,2026-03-18 11:13:17,3911,23.56,25.13,40.07,2014.9,OK
220,1773832997,2026-03-18 11:23:17,3914,23.62,25.19,39.40,3394.9,OK
221,1773833597,2026-03-18 11:33:17,3917,23.62,25.63,38.50,3499.9,OK
222,1773834197,2026-03-18 11:43:17,3924,23.68,26.08,37.91,4461.6,OK
223,1773834797,2026-03-18 11:53:17,3914,23.75,26.12,37.34,4755.8,OK
224,1773835397,2026-03-18 12:03:17,3918,23.81,26.49,36.30,4883.3,OK
225,1773835997,2026-03-18 12:13:17,3924,23.87,26.50,36.24,4525.8,OK
226,1773836597,2026-03-18 12:23:17,3921,24.00,24.31,34.23,4370.8,OK
227,1773837197,2026-03-18 12:33:17,3902,24.06,22.73,35.94,3569.1,OK
228,1773837797,2026-03-18 12:43:17,3898,24.12,22.53,30.20,3623.3,OK
229,1773838397,2026-03-18 12:53:17,3888,24.00,21.94,35.56,3214.9,OK
230,1773838997,2026-03-18 13:03:17,3905,23.81,23.02,36.69,3552.4,OK
231,1773839597,2026-03-18 13:13:17,3901,23.56,22.07,36.08,2732.5,OK
232,1773840197,2026-03-18 13:23:17,3911,23.25,22.19,37.62,3220.8,OK
233,1773840797,2026-03-18 13:33:17,3914,23.00,22.24,35.97,3293.3,OK
234,1773841397,2026-03-18 13:43:17,3918,22.81,22.25,36.16,3349.1,OK
235,1773841997,2026-03-18 13:53:17,3925,22.56,22.17,35.03,3269.9,OK
236,1773842597,2026-03-18 14:03:17,3923,22.31,22.28,35.52,3567.4,OK
237,1773843197,2026-03-18 14:13:17,3925,22.12,22.35,37.24,3271.6,OK
238,1773843797,2026-03-18 14:23:17,3931,22.00,22.07,34.91,2924.1,OK
239,1773844397,2026-03-18 14:33:17,3930,21.87,22.01,33.22,2805.8,OK
240,1773844997,2026-03-18 14:43:17,3923,21.68,21.57,34.79,2686.6,OK
241,1773845597,2026-03-18 14:53:17,3933,21.56,21.83,32.98,3111.6,OK
242,1773846197,2026-03-18 15:03:17,3935,21.43,21.74,34.95,3305.8,OK
243,1773846797,2026-03-18 15:13:17,3928,21.25,21.38,33.72,3097.4,OK
244,1773847397,2026-03-18 15:23:17,3928,21.12,21.08,33.52,2254.1,OK
245,1773847997,2026-03-18 15:33:17,3934,21.06,21.05,34.31,2283.3,OK
246,1773848597,2026-03-18 15:43:17,3934,20.87,20.79,34.49,1726.6,OK
247,1773849197,2026-03-18 15:53:17,3930,20.81,20.88,34.10,1788.3,OK
248,1773849797,2026-03-18 16:03:17,3940,20.68,20.66,36.85,1589.9,OK
249,1773850397,2026-03-18 16:13:17,3949,20.56,23.33,35.70,1425.8,OK
250,1773850997,2026-03-18 16:23:17,3954,20.43,23.83,36.45,1034.1,OK
251,1773851597,2026-03-18 16:33:17,3950,20.37,24.10,35.96,1105.8,OK
252,1773852197,2026-03-18 16:43:17,3955,20.37,24.03,37.58,872.4,OK
253,1773852797,2026-03-18 16:53:17,3937,20.50,20.11,39.64,765.0,OK
254,1773853397,2026-03-18 17:03:17,3939,20.62,19.99,36.17,594.1,OK
255,1773853997,2026-03-18 17:13:17,3935,20.62,19.94,38.06,535.8,OK
256,1773854597,2026-03-18 17:23:17,3938,20.56,19.40,37.37,453.3,OK
257,1773855197,2026-03-18 17:33:17,3943,20.43,19.41,37.87,369.1,OK
258,1773855797,2026-03-18 17:43:17,3946,20.31,18.81,38.03,245.8,OK
259,1773856397,2026-03-18 17:53:17,3949,20.06,19.30,38.45,155.8,OK
260,1773856997,2026-03-18 18:03:17,3951,19.87,19.28,39.06,67.5,OK
261,1773857597,2026-03-18 18:13:17,3952,19.62,18.99,40.50,22.5,OK
262,1773858197,2026-03-18 18:23:17,3962,19.50,19.39,41.29,7.4,OK
263,1773858797,2026-03-18 18:33:17,3957,19.31,19.22,42.12,2.5,OK
264,1773859397,2026-03-18 18:43:17,3958,19.18,18.26,42.30,1.6,OK
265,1773859997,2026-03-18 18:53:17,3960,19.06,19.17,40.37,0.8,OK
266,1773860597,2026-03-18 19:03:17,3959,18.93,19.02,41.05,0.8,OK
267,1773861197,2026-03-18 19:13:17,3967,18.81,19.21,40.94,0.8,OK
268,1773861797,2026-03-18 19:23:17,3969,18.68,19.23,40.01,0.8,OK
269,1773862397,2026-03-18 19:33:17,3969,18.62,19.13,41.91,1.6,OK
270,1773862997,2026-03-18 19:43:17,3971,18.50,19.49,42.07,0.8,OK
271,1773863597,2026-03-18 19:53:17,3975,18.50,19.09,42.35,0.8,OK
272,1773864197,2026-03-18 20:03:17,3975,18.43,19.21,43.29,0.8,OK
273,1773864797,2026-03-18 20:13:17,3976,18.37,19.45,43.01,0.8,OK
274,1773865397,2026-03-18 20:23:17,3982,18.37,19.93,49.07,0.8,OK
275,1773865997,2026-03-18 20:33:17,3981,18.31,19.97,54.41,0.8,OK
276,1773866597,2026-03-18 20:43:17,3975,18.31,22.61,50.54,0.8,OK
277,1773867197,2026-03-18 20:53:17,3980,18.37,21.97,51.72,0.8,OK
278,1773867797,2026-03-18 21:03:17,3970,18.37,20.28,51.47,0.8,OK
279,1773868397,2026-03-18 21:13:17,3973,18.56,19.91,48.74,0.8,OK
280,1773868997,2026-03-18 21:23:17,3976,18.68,19.83,47.97,0.8,OK
281,1773869597,2026-03-18 21:33:17,3973,18.75,19.88,47.81,0.8,OK
282,1773870197,2026-03-18 21:43:17,3978,18.75,19.63,46.16,0.8,OK
283,1773870797,2026-03-18 21:53:17,3978,18.75,19.31,47.38,0.8,OK
284,1773871397,2026-03-18 22:03:17,3978,18.68,19.47,43.15,0.8,OK
285,1773871997,2026-03-18 22:13:17,3978,18.68,18.92,46.62,0.8,OK
286,1773872598,2026-03-18 22:23:18,3981,18.62,19.08,42.42,0.8,OK
287,1773873198,2026-03-18 22:33:18,3982,18.56,19.31,42.17,0.8,OK
288,1773873798,2026-03-18 22:43:18,3981,18.50,19.58,42.73,0.8,OK
289,1773874398,2026-03-18 22:53:18,3986,18.43,19.49,46.07,0.8,OK
290,1773874998,2026-03-18 23:03:18,3980,18.37,19.71,45.50,0.8,OK
291,1773875598,2026-03-18 23:13:18,3988,18.31,19.84,45.79,0.8,OK
292,1773876198,2026-03-18 23:23:18,3985,18.37,19.70,47.30,0.8,OK
293,1773876798,2026-03-18 23:33:18,3985,18.31,19.74,43.99,0.8,OK
294,1773877398,2026-03-18 23:43:18,3986,18.37,19.80,43.25,0.8,OK
295,1773877998,2026-03-18 23:53:18,3987,18.37,19.50,43.40,0.8,OK
296,1773878598,2026-03-19 00:03:18,3984,18.37,19.63,44.11,0.0,OK
297,1773879198,2026-03-19 00:13:18,3985,18.31,19.83,43.99,0.0,OK
298,1773879798,2026-03-19 00:23:18,3987,18.31,19.56,42.80,0.0,OK
299,1773880398,2026-03-19 00:33:18,3984,18.31,19.69,44.11,0.0,OK
300,1773880998,2026-03-19 00:43:18,3984,18.31,19.48,42.09,0.0,OK
301,1773881598,2026-03-19 00:53:18,3980,18.31,19.54,40.65,0.0,OK
302,1773882198,2026-03-19 01:03:18,3986,18.31,19.26,42.27,0.0,OK
303,1773882798,2026-03-19 01:13:18,3987,18.25,19.31,42.68,0.0,OK
304,1773883398,2026-03-19 01:23:18,3986,18.31,18.98,44.84,0.0,OK
305,1773883998,2026-03-19 01:33:18,3991,18.25,19.46,41.91,0.0,OK
306,1773884598,2026-03-19 01:43:18,3994,18.18,19.82,39.73,0.0,OK
307,1773885198,2026-03-19 01:53:18,3996,18.18,21.65,42.67,0.0,OK
308,1773885798,2026-03-19 02:03:18,4004,18.18,22.15,42.49,0.0,OK
309,1773886398,2026-03-19 02:13:18,4002,18.18,21.99,43.22,0.0,OK
310,1773886998,2026-03-19 02:23:18,3993,18.31,22.20,43.49,0.0,OK
311,1773887598,2026-03-19 02:33:18,3994,18.50,22.28,43.55,0.0,OK
312,1773888198,2026-03-19 02:43:18,3992,18.68,22.40,43.71,0.0,OK
313,1773888798,2026-03-19 02:53:18,3986,18.81,22.51,43.47,0.0,OK
314,1773889398,2026-03-19 03:03:18,3992,19.00,22.49,43.79,0.0,OK
315,1773889998,2026-03-19 03:13:18,3994,19.18,22.57,43.82,0.0,OK
316,1773890598,2026-03-19 03:23:18,3989,19.37,22.32,44.40,0.0,OK
317,1773891198,2026-03-19 03:33:18,3989,19.50,22.47,44.65,0.0,OK
318,1773891798,2026-03-19 03:43:18,3984,19.68,22.31,45.38,0.0,OK
319,1773892398,2026-03-19 03:53:18,3985,19.81,22.43,45.19,0.0,OK
320,1773892998,2026-03-19 04:03:18,3977,19.93,22.32,45.80,0.0,OK
321,1773893598,2026-03-19 04:13:18,3984,20.00,22.69,44.78,0.0,OK
322,1773894198,2026-03-19 04:23:18,3981,20.12,22.56,44.77,0.0,OK
323,1773894798,2026-03-19 04:33:18,3989,20.18,22.60,45.37,0.0,OK
324,1773895398,2026-03-19 04:43:18,3984,20.31,22.34,45.08,0.0,OK
325,1773895998,2026-03-19 04:53:18,3985,20.37,22.53,45.49,0.0,OK
326,1773896598,2026-03-19 05:03:18,3986,20.43,22.62,45.08,0.0,OK
327,1773897198,2026-03-19 05:13:18,3989,20.56,22.39,45.65,0.0,OK
328,1773897798,2026-03-19 05:23:18,3985,20.62,22.48,46.38,0.0,OK
329,1773898398,2026-03-19 05:33:18,3984,20.68,22.55,46.28,0.0,OK
330,1773898998,2026-03-19 05:43:18,3983,20.75,22.45,46.95,0.0,OK
331,1773899598,2026-03-19 05:53:18,3985,20.75,22.73,45.80,0.0,OK
332,1773900198,2026-03-19 06:03:18,3986,20.87,22.55,46.55,1.6,OK
333,1773900798,2026-03-19 06:13:18,3981,20.87,22.54,46.04,7.4,OK
334,1773901398,2026-03-19 06:23:18,3990,20.87,22.62,45.83,38.3,OK
335,1773901998,2026-03-19 06:33:18,3982,20.93,22.87,45.24,121.6,OK
336,1773902598,2026-03-19 06:43:18,3983,21.00,22.71,45.92,143.3,OK
337,1773903198,2026-03-19 06:53:18,3986,21.00,22.88,45.86,321.6,OK
338,1773903798,2026-03-19 07:03:18,3989,21.06,22.74,45.70,365.8,OK
339,1773904398,2026-03-19 07:13:18,3995,21.06,22.79,44.36,523.3,OK
340,1773904998,2026-03-19 07:23:18,3989,21.12,23.29,45.60,829.9,OK
341,1773905598,2026-03-19 07:33:18,3991,21.18,23.47,45.97,1581.6,OK
342,1773906198,2026-03-19 07:43:18,3981,21.18,20.59,42.11,4471.6,OK
343,1773906798,2026-03-19 07:53:18,3981,21.25,20.28,40.52,5283.3,OK
344,1773907398,2026-03-19 08:03:18,3982,21.18,21.23,38.22,5559.7,OK
345,1773907998,2026-03-19 08:13:18,3987,21.06,22.39,34.72,3208.6,OK
346,1773908598,2026-03-19 08:23:18,3998,20.93,23.44,33.48,4043.6,OK
347,1773909198,2026-03-19 08:33:18,3995,20.87,22.99,32.51,3884.4,OK
348,1773909798,2026-03-19 08:43:18,4000,21.06,23.32,31.57,1416.9,OK
349,1773910398,2026-03-19 08:53:18,3991,21.31,23.14,32.20,6130.0,OK
350,1773910998,2026-03-19 09:03:18,3990,21.62,22.38,31.92,5752.5,OK
351,1773911598,2026-03-19 09:13:18,3982,21.81,22.03,33.10,4864.1,OK
352,1773912198,2026-03-19 09:23:18,3987,22.00,22.01,32.60,6104.1,OK
353,1773912798,2026-03-19 09:33:18,3980,22.12,21.49,33.23,4913.3,OK
354,1773913398,2026-03-19 09:43:18,3972,22.06,20.89,34.01,4475.8,OK
355,1773913998,2026-03-19 09:53:18,3962,22.00,20.22,34.08,3932.4,OK
356,1773914598,2026-03-19 10:03:18,3972,21.81,20.64,32.48,3769.9,OK
357,1773915198,2026-03-19 10:13:18,3972,21.56,20.32,32.01,3325.8,OK
358,1773915798,2026-03-19 10:23:18,3964,21.37,20.39,33.61,2597.5,OK
359,1773916398,2026-03-19 10:33:18,3973,21.12,19.44,34.53,3173.3,OK
360,1773916998,2026-03-19 10:43:18,3970,20.87,19.88,35.29,3755.8,OK
361,1773917598,2026-03-19 10:53:18,3975,20.62,19.71,33.83,3670.8,OK
362,1773918198,2026-03-19 11:03:18,3980,20.37,20.40,33.97,5180.0,OK
363,1773918798,2026-03-19 11:13:18,3981,20.18,21.09,31.99,5178.3,OK
364,1773919398,2026-03-19 11:23:18,3987,20.00,20.86,32.04,5432.5,OK
365,1773919998,2026-03-19 11:33:18,3990,19.93,21.44,31.01,5232.5,OK
366,1773920598,2026-03-19 11:43:18,3997,19.75,20.83,31.70,5016.6,OK
367,1773921198,2026-03-19 11:53:18,3993,19.75,20.90,32.39,5435.8,OK
368,1773921798,2026-03-19 12:03:18,3995,19.75,20.74,31.60,3273.3,OK
369,1773922398,2026-03-19 12:13:18,3994,19.68,20.55,32.45,2341.6,OK
370,1773922998,2026-03-19 12:23:18,4002,19.68,20.04,34.19,2395.0,OK
371,1773923598,2026-03-19 12:33:18,3993,19.62,19.59,35.10,2702.5,OK
372,1773924198,2026-03-19 12:43:18,3996,19.62,19.68,34.37,2470.0,OK
373,1773924798,2026-03-19 12:53:18,3996,19.50,19.62,35.37,1879.9,OK
374,1773925398,2026-03-19 13:03:18,3996,19.43,19.85,33.27,2907.5,OK
375,1773925998,2026-03-19 13:13:18,4004,19.31,19.67,33.92,3060.0,OK
376,1773926598,2026-03-19 13:23:18,4003,19.18,20.11,32.96,3128.3,OK
377,1773927198,2026-03-19 13:33:18,4001,19.12,20.52,32.84,2927.5,OK
378,1773927798,2026-03-19 13:43:18,4003,19.06,20.16,32.29,2707.5,OK
379,1773928398,2026-03-19 13:53:18,3998,19.00,20.40,31.97,2373.3,OK
380,1773928998,2026-03-19 14:03:18,4009,19.00,20.37,32.30,1949.1,OK
381,1773929598,2026-03-19 14:13:18,4001,18.93,19.74,32.57,2127.5,OK
382,1773930198,2026-03-19 14:23:18,4006,18.93,19.51,31.62,2460.8,OK
383,1773930798,2026-03-19 14:33:18,4011,18.87,20.33,30.26,3662.4,OK
384,1773931398,2026-03-19 14:43:18,4011,18.81,20.84,29.51,3311.6,OK
385,1773931998,2026-03-19 14:53:18,4012,18.81,20.31,31.12,3079.1,OK
386,1773932598,2026-03-19 15:03:18,4013,18.81,20.44,30.65,2715.0,OK
387,1773933198,2026-03-19 15:13:18,4010,18.81,20.00,32.08,2169.1,OK
388,1773933798,2026-03-19 15:23:18,4005,18.81,19.79,31.96,2124.1,OK
389,1773934398,2026-03-19 15:33:18,4017,18.81,20.32,30.76,2502.5,OK
390,1773934998,2026-03-19 15:43:18,4014,18.81,19.68,33.52,1989.9,OK
391,1773935598,2026-03-19 15:53:18,4015,18.81,19.42,34.79,1233.3,OK
392,1773936198,2026-03-19 16:03:18,4017,18.75,19.51,35.21,1069.1,OK
393,1773936798,2026-03-19 16:13:18,4006,18.75,19.95,33.29,1350.8,OK
394,1773937398,2026-03-19 16:23:18,4012,18.75,19.93,34.08,1335.8,OK
395,1773937998,2026-03-19 16:33:18,4017,18.68,19.95,34.75,1179.1,OK
396,1773938598,2026-03-19 16:43:18,4018,18.68,19.65,34.89,1040.8,OK
397,1773939198,2026-03-19 16:53:18,4019,18.68,19.52,35.18,839.1,OK
398,1773939798,2026-03-19 17:03:18,4015,18.62,19.57,35.77,770.8,OK
399,1773940398,2026-03-19 17:13:18,4015,18.62,19.93,35.31,644.1,OK
400,1773940998,2026-03-19 17:23:18,4022,18.56,19.46,36.04,448.3,OK
401,1773941598,2026-03-19 17:33:18,4017,18.50,18.98,34.30,230.8,OK
402,1773942198,2026-03-19 17:43:18,4018,18.50,19.04,38.22,221.6,OK
403,1773942798,2026-03-19 17:53:18,4015,18.50,18.95,37.56,146.6,OK
404,1773943398,2026-03-19 18:03:18,4022,18.43,19.29,38.60,82.5,OK
405,1773943998,2026-03-19 18:13:18,4022,18.43,19.01,39.27,18.3,OK
406,1773944598,2026-03-19 18:23:18,4013,18.37,19.41,41.63,5.8,OK
407,1773945198,2026-03-19 18:33:18,4019,18.37,19.25,41.85,2.5,OK
408,1773945798,2026-03-19 18:43:18,4020,18.31,19.21,41.86,1.6,OK
409,1773946398,2026-03-19 18:53:18,4025,18.31,19.22,42.07,1.6,OK
410,1773946998,2026-03-19 19:03:18,4026,18.25,19.01,41.86,0.8,OK
411,1773947598,2026-03-19 19:13:18,4021,18.25,18.39,43.31,1.6,OK
412,1773948198,2026-03-19 19:23:18,4028,18.25,22.19,39.40,1.6,OK
413,1773948798,2026-03-19 19:33:18,4034,18.18,22.87,38.68,1.6,OK
414,1773949398,2026-03-19 19:43:18,4036,18.25,23.48,37.90,1.6,OK
415,1773949998,2026-03-19 19:53:18,4035,18.37,20.71,39.67,1.6,OK
416,1773950598,2026-03-19 20:03:18,4021,18.56,19.45,40.54,1.6,OK
417,1773951198,2026-03-19 20:13:18,4016,18.75,19.55,41.32,1.6,OK
418,1773951798,2026-03-19 20:23:18,4014,18.81,19.65,40.82,1.6,OK
419,1773952398,2026-03-19 20:33:18,4014,18.87,19.03,41.69,1.6,OK
420,1773952998,2026-03-19 20:43:18,4017,18.81,19.00,42.42,1.6,OK
421,1773953598,2026-03-19 20:53:18,4021,18.81,19.34,41.94,1.6,OK
422,1773954198,2026-03-19 21:03:18,4021,18.68,19.44,38.38,1.6,OK
423,1773954798,2026-03-19 21:13:18,4020,18.68,19.41,42.86,1.6,OK
424,1773955398,2026-03-19 21:23:18,4027,18.62,19.09,41.49,1.6,OK
425,1773955998,2026-03-19 21:33:18,4020,18.50,19.13,42.10,1.6,OK
426,1773956598,2026-03-19 21:43:18,4025,18.43,18.78,42.36,1.6,OK
427,1773957198,2026-03-19 21:53:18,4029,18.31,19.13,40.91,1.6,OK
428,1773957798,2026-03-19 22:03:18,4019,18.31,18.60,41.60,1.6,OK
429,1773958398,2026-03-19 22:13:18,4015,18.25,18.32,41.95,1.6,OK
430,1773958998,2026-03-19 22:23:18,4027,18.12,18.31,42.81,1.6,OK
431,1773959598,2026-03-19 22:33:18,4031,18.06,18.45,43.57,1.6,OK
432,1773960198,2026-03-19 22:43:18,4031,18.06,18.35,41.81,1.6,OK
433,1773960798,2026-03-19 22:53:18,4028,18.00,18.22,43.06,1.6,OK
434,1773961398,2026-03-19 23:03:18,4031,17.93,18.04,42.65,1.6,OK
435,1773961998,2026-03-19 23:13:18,4028,17.81,18.70,41.84,1.6,OK
436,1773962598,2026-03-19 23:23:18,4023,17.75,18.38,43.07,1.6,OK
437,1773963198,2026-03-19 23:33:18,4034,17.68,19.93,42.52,0.0,OK
438,1773963798,2026-03-19 23:43:18,4045,17.62,21.59,41.42,0.0,OK
439,1773964399,2026-03-19 23:53:19,4046,17.62,21.89,40.62,0.0,OK
440,1773964999,2026-03-20 00:03:19,4052,17.68,22.22,40.65,0.0,OK
441,1773965599,2026-03-20 00:13:19,4047,17.81,22.18,41.23,0.0,OK
442,1773966199,2026-03-20 00:23:19,4048,18.06,22.24,41.64,0.0,OK
443,1773966799,2026-03-20 00:33:19,4048,18.25,22.56,41.84,0.0,OK
444,1773967399,2026-03-20 00:43:19,4049,18.50,22.51,41.60,0.0,OK
445,1773967999,2026-03-20 00:53:19,4043,18.75,22.45,42.08,0.0,OK
446,1773968599,2026-03-20 01:03:19,4043,18.93,22.61,42.00,0.0,OK
447,1773969199,2026-03-20 01:13:19,4040,19.12,22.56,42.87,0.0,OK
448,1773969799,2026-03-20 01:23:19,4042,19.37,22.57,43.58,0.0,OK
449,1773970399,2026-03-20 01:33:19,4043,19.56,22.60,43.90,0.0,OK
450,1773970999,2026-03-20 01:43:19,4037,19.68,22.57,44.55,0.0,OK
451,1773971599,2026-03-20 01:53:19,4042,19.87,22.47,45.37,0.0,OK
452,1773972199,2026-03-20 02:03:19,4039,20.06,22.51,46.03,0.0,OK
453,1773972799,2026-03-20 02:13:19,4034,20.18,22.73,45.75,0.0,OK
454,1773973399,2026-03-20 02:23:19,4039,20.25,22.59,46.39,0.0,OK
455,1773973999,2026-03-20 02:33:19,4038,20.37,22.60,46.40,0.0,OK
456,1773974599,2026-03-20 02:43:19,4042,20.50,22.65,46.03,0.0,OK
457,1773975199,2026-03-20 02:53:19,4038,20.56,22.73,46.39,0.0,OK
458,1773975799,2026-03-20 03:03:19,4034,20.68,22.82,46.09,0.0,OK
459,1773976399,2026-03-20 03:13:19,4036,20.75,22.79,45.79,0.0,OK
460,1773976999,2026-03-20 03:23:19,4038,20.81,22.82,46.39,0.0,OK
461,1773977599,2026-03-20 03:33:19,4036,20.87,22.90,45.84,0.0,OK
462,1773978199,2026-03-20 03:43:19,4036,21.00,22.83,45.99,0.0,OK
463,1773978799,2026-03-20 03:53:19,4036,21.00,22.78,46.66,0.0,OK
464,1773979399,2026-03-20 04:03:19,4040,21.06,22.79,46.22,0.0,OK
465,1773979999,2026-03-20 04:13:19,4030,21.12,22.90,45.96,0.0,OK
466,1773980599,2026-03-20 04:23:19,4031,21.12,22.95,46.07,0.0,OK
467,1773981199,2026-03-20 04:33:19,4029,21.18,22.83,46.01,0.0,OK
468,1773981799,2026-03-20 04:43:19,4044,21.25,22.92,46.20,0.0,OK
469,1773982399,2026-03-20 04:53:19,4042,21.31,22.95,45.79,0.0,OK
470,1773982999,2026-03-20 05:03:19,4042,21.31,22.88,46.12,0.0,OK
471,1773983599,2026-03-20 05:13:19,4042,21.37,22.84,45.72,0.0,OK
472,1773984199,2026-03-20 05:23:19,4048,21.43,22.84,45.76,0.0,OK
473,1773984799,2026-03-20 05:33:19,4048,21.43,22.91,45.91,0.0,OK
474,1773985399,2026-03-20 05:43:19,4050,21.43,22.93,45.62,0.8,OK
475,1773985999,2026-03-20 05:53:19,4047,21.50,22.91,45.76,6.6,OK
476,1773986599,2026-03-20 06:03:19,4054,21.50,23.03,45.82,37.5,OK
477,1773987199,2026-03-20 06:13:19,4047,21.50,23.06,46.02,133.3,OK
478,1773987799,2026-03-20 06:23:19,4050,21.56,23.19,45.72,353.3,OK
479,1773988399,2026-03-20 06:33:19,4055,21.50,23.34,44.64,671.6,OK
480,1773988999,2026-03-20 06:43:19,4046,21.56,23.57,44.60,1042.5,OK
481,1773989599,2026-03-20 06:53:19,4053,21.56,23.87,43.74,1864.9,OK
482,1773990199,2026-03-20 07:03:19,4055,21.62,24.39,43.53,2740.0,OK
483,1773990799,2026-03-20 07:13:19,4057,21.68,25.53,40.75,4939.1,OK
484,1773991399,2026-03-20 07:23:19,4062,21.81,26.43,39.19,499.7,OK
485,1773991999,2026-03-20 07:33:19,4062,22.00,27.86,36.47,3016.4,OK
486,1773992599,2026-03-20 07:43:19,4065,22.25,29.11,34.31,4838.0,OK
487,1773993199,2026-03-20 07:53:19,4070,22.50,30.16,32.69,188.6,OK
488,1773993799,2026-03-20 08:03:19,4072,22.93,30.27,32.43,1013.6,OK
489,1773994399,2026-03-20 08:13:19,4068,23.43,28.39,34.86,206.9,OK
490,1773994999,2026-03-20 08:23:19,4064,24.06,28.13,35.63,1010.2,OK
491,1773995599,2026-03-20 08:33:19,4031,24.62,23.57,34.84,1531.9,OK
492,1773996199,2026-03-20 08:43:19,4013,25.18,23.42,35.99,6504.7,OK
493,1773996799,2026-03-20 08:53:19,2411,25.43,23.51,36.42,6345.8,OK
494,1773997399,2026-03-20 09:03:19,2529,25.18,22.78,37.01,6010.8,OK
495,1773997999,2026-03-20 09:13:19,2626,25.25,22.56,34.48,5681.6,OK
496,1773998599,2026-03-20 09:23:19,2688,25.06,22.75,34.88,5578.3,OK
497,1773999199,2026-03-20 09:33:19,2740,24.68,22.71,35.84,5322.5,OK
498,1773999799,2026-03-20 09:43:19,2763,24.37,22.26,36.25,5225.0,OK
499,1774000399,2026-03-20 09:53:19,2782,24.06,22.08,35.22,4916.6,OK
500,1774000999,2026-03-20 10:03:19,2807,23.68,21.70,36.00,4734.1,OK
501,1774001599,2026-03-20 10:13:19,2830,23.25,22.01,34.12,4699.1,OK
502,1774002199,2026-03-20 10:23:19,2843,22.93,21.60,34.57,4412.5,OK
503,1774002799,2026-03-20 10:33:19,2862,22.56,21.46,35.65,4375.0,OK
504,1774003399,2026-03-20 10:43:19,2886,22.25,21.56,34.53,4430.8,OK
505,1774003999,2026-03-20 10:53:19,2896,22.00,21.37,34.98,4109.1,OK
506,1774004599,2026-03-20 11:03:19,2904,21.75,21.76,33.89,4610.0,OK
507,1774005199,2026-03-20 11:13:19,2924,21.50,21.59,32.56,4368.3,OK
508,1774005799,2026-03-20 11:23:19,2931,21.31,21.21,32.77,3606.6,OK
509,1774006399,2026-03-20 11:33:19,2955,21.12,20.91,33.48,4800.0,OK
510,1774006999,2026-03-20 11:43:19,2966,21.00,20.94,32.85,3793.3,OK
511,1774007599,2026-03-20 11:53:19,2982,20.81,22.04,31.28,4019.9,OK
512,1774008199,2026-03-20 12:03:19,2995,20.62,21.12,33.36,3583.3,OK
513,1774008799,2026-03-20 12:13:19,3004,20.50,21.46,31.55,4298.3,OK
514,1774009399,2026-03-20 12:23:19,3015,20.43,22.24,29.42,4820.8,OK
515,1774009999,2026-03-20 12:33:19,3026,20.25,21.86,30.77,3824.9,OK
516,1774010599,2026-03-20 12:43:19,3034,20.18,21.77,32.08,4455.0,OK
517,1774011199,2026-03-20 12:53:19,3042,20.12,21.44,30.84,3356.6,OK
518,1774011799,2026-03-20 13:03:19,3052,20.12,21.63,30.78,4864.1,OK
519,1774012399,2026-03-20 13:13:19,3060,20.06,21.46,30.90,3305.8,OK
520,1774012999,2026-03-20 13:23:19,3064,20.00,21.39,30.56,4172.5,OK
521,1774013599,2026-03-20 13:33:19,3079,19.93,21.10,31.05,3045.8,OK
522,1774014199,2026-03-20 13:43:19,3084,19.87,22.66,29.33,3948.3,OK
523,1774014799,2026-03-20 13:53:19,3084,19.81,21.27,31.08,2860.8,OK
524,1774015399,2026-03-20 14:03:19,3091,19.81,21.76,30.92,3302.4,OK
525,1774015999,2026-03-20 14:13:19,3103,19.81,21.46,30.43,3102.4,OK
526,1774016599,2026-03-20 14:23:19,3106,19.75,21.86,29.42,3527.4,OK
527,1774017199,2026-03-20 14:33:19,3113,19.81,21.03,30.42,2840.0,OK
528,1774017799,2026-03-20 14:43:19,3119,19.75,21.07,31.09,3124.1,OK
529,1774018399,2026-03-20 14:53:19,3127,19.75,21.00,30.69,2975.8,OK
530,1774018999,2026-03-20 15:03:19,3129,19.75,20.87,31.15,2543.3,OK
531,1774019599,2026-03-20 15:13:19,3137,19.68,22.19,27.47,2995.8,OK
532,1774020199,2026-03-20 15:23:19,3141,19.68,21.67,28.92,2651.6,OK
533,1774020799,2026-03-20 15:33:19,3144,19.62,21.44,29.39,2307.5,OK
534,1774021399,2026-03-20 15:43:19,3147,19.62,20.91,30.92,2430.0,OK
535,1774021999,2026-03-20 15:53:19,3153,19.62,21.71,28.82,2276.6,OK
536,1774022599,2026-03-20 16:03:19,3157,19.56,21.40,28.82,2310.0,OK
537,1774023199,2026-03-20 16:13:19,3161,19.56,20.55,29.74,2012.4,OK
538,1774023799,2026-03-20 16:23:19,3166,19.56,20.40,30.65,1870.8,OK
539,1774024399,2026-03-20 16:33:19,3172,19.50,20.07,29.60,1770.8,OK
540,1774024999,2026-03-20 16:43:19,3177,19.43,20.37,28.47,1575.8,OK
541,1774025599,2026-03-20 16:53:19,3184,19.31,21.27,28.40,1404.1,OK
542,1774026199,2026-03-20 17:03:19,3189,19.31,20.30,30.28,1253.3,OK
543,1774026799,2026-03-20 17:13:19,3186,19.18,19.77,30.05,1105.0,OK
544,1774027399,2026-03-20 17:23:19,3191,19.18,20.55,29.19,937.4,OK
545,1774027999,2026-03-20 17:33:19,3195,19.06,20.67,29.06,770.8,OK
546,1774028599,2026-03-20 17:43:19,3199,19.00,19.93,31.06,596.6,OK
547,1774029199,2026-03-20 17:53:19,3204,18.93,20.16,30.31,413.3,OK
548,1774029799,2026-03-20 18:03:19,3206,18.87,20.08,30.76,235.8,OK
549,1774030399,2026-03-20 18:13:19,3211,18.87,19.75,31.42,98.3,OK
550,1774030999,2026-03-20 18:23:19,3216,18.81,20.27,31.10,32.5,OK
551,1774031599,2026-03-20 18:33:19,3216,18.75,19.35,33.46,5.8,OK
552,1774032199,2026-03-20 18:43:19,3220,18.68,19.46,33.32,0.8,OK
553,1774032799,2026-03-20 18:53:19,3226,18.62,19.15,34.98,0.0,OK
554,1774033399,2026-03-20 19:03:19,3230,18.56,19.30,34.93,0.0,OK
555,1774033999,2026-03-20 19:13:19,3230,18.43,19.79,34.38,0.0,OK
556,1774034599,2026-03-20 19:23:19,3234,18.37,20.15,33.44,0.0,OK
557,1774035199,2026-03-20 19:33:19,3236,18.37,20.11,34.39,0.0,OK
558,1774035799,2026-03-20 19:43:19,3239,18.31,20.18,34.39,0.0,OK
559,1774036399,2026-03-20 19:53:19,3239,18.31,19.95,33.16,0.0,OK
560,1774036999,2026-03-20 20:03:19,3242,18.31,20.25,34.28,2.5,OK
561,1774037599,2026-03-20 20:13:19,3245,18.25,19.93,35.93,2.5,OK
562,1774038199,2026-03-20 20:23:19,3244,18.25,20.25,33.12,2.5,OK
563,1774038799,2026-03-20 20:33:19,3248,18.25,20.25,33.67,1.6,OK
564,1774039399,2026-03-20 20:43:19,3250,18.18,19.69,36.28,2.5,OK
565,1774039999,2026-03-20 20:53:19,3251,18.18,20.06,35.34,2.5,OK
566,1774040599,2026-03-20 21:03:19,3253,18.18,19.85,35.49,2.5,OK
567,1774041199,2026-03-20 21:13:19,3254,18.18,19.69,36.45,0.0,OK
568,1774041799,2026-03-20 21:23:19,3260,18.18,19.65,37.17,0.0,OK
569,1774042399,2026-03-20 21:33:19,3259,18.12,19.80,35.87,0.0,OK
570,1774042999,2026-03-20 21:43:19,3264,18.12,19.52,36.09,0.0,OK
571,1774043599,2026-03-20 21:53:19,3266,18.12,19.43,35.26,0.0,OK
572,1774044199,2026-03-20 22:03:19,3271,18.06,19.15,35.29,0.0,OK
573,1774044799,2026-03-20 22:13:19,3276,18.12,19.28,35.46,2.5,OK
574,1774045399,2026-03-20 22:23:19,3282,18.00,18.52,37.44,2.5,OK
575,1774045999,2026-03-20 22:33:19,3285,18.00,16.89,42.27,1.6,OK
576,1774046599,2026-03-20 22:43:19,3291,17.87,18.05,39.98,2.5,OK
577,1774047199,2026-03-20 22:53:19,3293,17.81,18.17,41.33,1.6,OK
578,1774047799,2026-03-20 23:03:19,3296,17.68,18.04,41.33,1.6,OK
579,1774048399,2026-03-20 23:13:19,3302,17.56,17.89,41.74,1.6,OK
580,1774048999,2026-03-20 23:23:19,3303,17.43,18.01,42.07,2.5,OK
581,1774049599,2026-03-20 23:33:19,3306,17.37,17.93,41.07,2.5,OK
582,1774050199,2026-03-20 23:43:19,3307,17.31,18.93,39.27,1.6,OK
583,1774050799,2026-03-20 23:53:19,3312,17.18,18.19,41.02,2.5,OK
584,1774051399,2026-03-21 00:03:19,3315,17.18,18.04,40.71,1.6,OK
585,1774052000,2026-03-21 00:13:20,3315,17.12,18.14,39.79,0.0,OK
586,1774052600,2026-03-21 00:23:20,3314,17.06,18.13,41.06,0.0,OK
587,1774053200,2026-03-21 00:33:20,3323,17.00,18.08,39.98,0.0,OK
588,1774053800,2026-03-21 00:43:20,3323,17.00,18.24,39.74,0.0,OK
589,1774054400,2026-03-21 00:53:20,3322,16.93,18.04,40.82,0.0,OK
590,1774055000,2026-03-21 01:03:20,3327,16.93,18.58,41.39,0.0,OK
591,1774055600,2026-03-21 01:13:20,3331,16.87,18.56,39.84,0.0,OK
592,1774056200,2026-03-21 01:23:20,3331,16.87,18.22,39.46,0.0,OK
593,1774056800,2026-03-21 01:33:20,3335,16.87,18.91,37.74,0.0,OK
594,1774057400,2026-03-21 01:43:20,3336,16.87,18.78,38.39,0.0,OK
595,1774058000,2026-03-21 01:53:20,3335,16.81,18.03,40.08,0.0,OK
596,1774058600,2026-03-21 02:03:20,3339,16.81,17.82,40.16,0.0,OK
597,1774059200,2026-03-21 02:13:20,3339,16.81,18.08,39.69,0.0,OK
598,1774059800,2026-03-21 02:23:20,3344,16.81,18.43,39.93,0.0,OK
599,1774060400,2026-03-21 02:33:20,3348,16.75,18.50,39.51,0.0,OK
600,1774061000,2026-03-21 02:43:20,3349,16.75,18.66,38.95,0.0,OK
601,1774061600,2026-03-21 02:53:20,3350,16.68,18.28,40.70,0.0,OK
602,1774062200,2026-03-21 03:03:20,3353,16.68,18.57,38.52,0.0,OK
603,1774062800,2026-03-21 03:13:20,3356,16.68,18.77,39.17,0.0,OK
604,1774063400,2026-03-21 03:23:20,3358,16.68,18.27,37.98,0.0,OK
605,1774064000,2026-03-21 03:33:20,3360,16.68,18.64,37.60,0.0,OK
606,1774064600,2026-03-21 03:43:20,3359,16.68,18.06,39.64,0.0,OK
607,1774065200,2026-03-21 03:53:20,3362,16.68,18.32,38.48,0.0,OK
608,1774065800,2026-03-21 04:03:20,3364,16.68,18.51,39.03,0.0,OK
609,1774066400,2026-03-21 04:13:20,3365,16.62,17.35,40.52,0.0,OK
610,1774067000,2026-03-21 04:23:20,3366,16.62,18.28,39.46,0.0,OK
611,1774067600,2026-03-21 04:33:20,3366,16.62,17.98,39.49,0.0,OK
612,1774068200,2026-03-21 04:43:20,3370,16.56,18.55,38.47,0.0,OK
613,1774068800,2026-03-21 04:53:20,3373,16.50,18.69,37.21,0.0,OK
614,1774069400,2026-03-21 05:03:20,3373,16.50,18.17,39.58,0.0,OK
615,1774070000,2026-03-21 05:13:20,3375,16.43,18.42,39.33,0.0,OK
616,1774070600,2026-03-21 05:23:20,3375,16.43,17.83,40.53,0.0,OK
617,1774071200,2026-03-21 05:33:20,3380,16.43,17.95,39.96,0.0,OK
618,1774071800,2026-03-21 05:43:20,3380,16.37,17.15,39.42,0.8,OK
619,1774072400,2026-03-21 05:53:20,3380,16.37,17.76,40.14,5.8,OK
620,1774073000,2026-03-21 06:03:20,3382,16.31,17.68,38.82,29.9,OK
621,1774073600,2026-03-21 06:13:20,3386,16.25,17.08,38.72,85.0,OK
622,1774074200,2026-03-21 06:23:20,3387,16.25,17.97,38.13,205.8,OK
623,1774074800,2026-03-21 06:33:20,3388,16.18,17.02,39.89,377.5,OK
624,1774075400,2026-03-21 06:43:20,3392,16.18,17.49,38.85,595.8,OK
625,1774076000,2026-03-21 06:53:20,3391,16.12,17.41,38.01,824.9,OK
626,1774076600,2026-03-21 07:03:20,3393,16.12,17.46,38.95,768.3,OK
627,1774077200,2026-03-21 07:13:20,3399,16.06,18.07,37.82,1351.6,OK
628,1774077800,2026-03-21 07:23:20,3398,16.00,17.89,38.17,2082.5,OK
629,1774078400,2026-03-21 07:33:20,3398,16.00,17.91,36.83,2625.8,OK
630,1774079000,2026-03-21 07:43:20,3401,16.06,18.96,34.02,2845.0,OK
631,1774079600,2026-03-21 07:53:20,3400,16.06,18.43,36.89,2916.6,OK
632,1774080200,2026-03-21 08:03:20,3399,16.18,18.27,35.76,2511.6,OK
633,1774080800,2026-03-21 08:13:20,3400,16.18,18.39,36.09,2714.1,OK
634,1774081400,2026-03-21 08:23:20,3400,16.25,18.48,35.85,2811.6,OK
635,1774082000,2026-03-21 08:33:20,3401,16.31,19.12,35.16,4859.1,OK
636,1774082600,2026-03-21 08:43:20,3405,16.37,19.29,35.06,5725.8,OK
637,1774083200,2026-03-21 08:53:20,3406,16.50,19.71,34.41,4835.8,OK
638,1774083800,2026-03-21 09:03:20,3405,16.62,19.41,35.22,3552.4,OK
639,1774084400,2026-03-21 09:13:20,3403,16.75,18.98,37.13,3017.5,OK
640,1774085000,2026-03-21 09:23:20,3406,16.87,19.55,35.35,3269.1,OK
641,1774085600,2026-03-21 09:33:20,3405,17.00,18.96,37.32,2601.6,OK
642,1774086200,2026-03-21 09:43:20,3406,17.12,18.89,37.11,2362.5,OK
643,1774086800,2026-03-21 09:53:20,3412,17.18,18.41,37.41,2691.6,OK
644,1774087400,2026-03-21 10:03:20,3409,17.25,18.69,36.03,3121.6,OK
645,1774088000,2026-03-21 10:13:20,3413,17.18,19.40,35.16,3025.0,OK
646,1774088600,2026-03-21 10:23:20,3415,17.25,17.93,38.65,2542.5,OK
647,1774089200,2026-03-21 10:33:20,3413,17.25,18.08,40.08,2035.8,OK
648,1774089800,2026-03-21 10:43:20,3417,17.31,18.95,43.21,2705.8,OK
649,1774090400,2026-03-21 10:53:20,3420,17.25,18.84,39.66,2110.8,OK
650,1774091000,2026-03-21 11:03:20,3420,17.31,18.84,39.48,2053.3,OK
651,1774091600,2026-03-21 11:13:20,3423,17.31,18.70,39.98,1639.1,OK
652,1774092200,2026-03-21 11:23:20,3425,17.31,19.23,38.41,2443.3,OK
653,1774092800,2026-03-21 11:33:20,3424,17.37,19.49,37.56,3361.6,OK
654,1774093400,2026-03-21 11:43:20,3424,17.37,19.41,37.80,2335.0,OK
655,1774094000,2026-03-21 11:53:20,3425,17.37,19.84,36.85,3763.3,OK
656,1774094600,2026-03-21 12:03:20,3426,17.43,20.02,37.86,3394.9,OK
657,1774095200,2026-03-21 12:13:20,3426,17.50,20.90,35.78,4909.1,OK
658,1774095800,2026-03-21 12:23:20,3429,17.62,20.71,35.43,4851.6,OK
659,1774096400,2026-03-21 12:33:20,3425,17.68,20.63,35.31,4829.1,OK
660,1774097000,2026-03-21 12:43:20,3426,17.81,21.36,35.53,4424.1,OK
661,1774097600,2026-03-21 12:53:20,3424,18.00,20.96,37.20,4772.5,OK
662,1774098200,2026-03-21 13:03:20,3425,18.12,20.79,35.60,4289.1,OK
663,1774098800,2026-03-21 13:13:20,3426,18.31,21.12,35.93,4215.8,OK
664,1774099400,2026-03-21 13:23:20,3426,18.37,20.99,36.05,4822.5,OK
665,1774100000,2026-03-21 13:33:20,3427,18.56,20.86,36.13,3916.6,OK
666,1774100600,2026-03-21 13:43:20,3428,18.68,20.54,39.51,4540.0,OK
667,1774101200,2026-03-21 13:53:20,3427,18.75,21.06,43.54,4751.6,OK
668,1774101800,2026-03-21 14:03:20,3428,18.81,20.28,43.78,4412.5,OK
669,1774102400,2026-03-21 14:13:20,3431,18.93,20.83,43.31,4715.8,OK
670,1774103000,2026-03-21 14:23:20,3432,19.00,21.15,40.98,4990.0,OK
671,1774103600,2026-03-21 14:33:20,3434,19.06,20.35,42.52,4043.3,OK
672,1774104200,2026-03-21 14:43:20,3435,19.12,21.22,38.78,4030.8,OK
673,1774104800,2026-03-21 14:53:20,3438,19.12,20.48,40.74,2915.8,OK
674,1774105400,2026-03-21 15:03:20,3441,19.18,18.94,43.73,2272.5,OK
675,1774106000,2026-03-21 15:13:20,3443,19.18,19.17,41.86,1460.0,OK
676,1774106600,2026-03-21 15:23:20,3444,19.12,19.16,41.40,1310.0,OK
677,1774107200,2026-03-21 15:33:20,3449,19.06,18.75,41.77,1123.3,OK
678,1774107800,2026-03-21 15:43:20,3457,18.93,19.58,39.71,1045.0,OK
679,1774108400,2026-03-21 15:53:20,3457,18.81,18.58,41.76,1053.3,OK
680,1774109000,2026-03-21 16:03:20,3461,18.75,18.81,41.00,998.3,OK
681,1774109600,2026-03-21 16:13:20,3464,18.62,19.51,40.77,1209.1,OK
682,1774110200,2026-03-21 16:23:20,3470,18.50,19.20,40.28,850.8,OK
683,1774110800,2026-03-21 16:33:20,3473,18.43,18.50,42.06,521.6,OK
684,1774111400,2026-03-21 16:43:20,3474,18.37,18.97,40.88,405.8,OK
685,1774112000,2026-03-21 16:53:20,3476,18.25,18.29,43.45,647.5,OK
686,1774112600,2026-03-21 17:03:20,3480,18.18,18.26,44.15,521.6,OK
687,1774113200,2026-03-21 17:13:20,3484,18.12,18.30,44.12,592.5,OK
688,1774113800,2026-03-21 17:23:20,3487,18.00,18.18,45.01,694.1,OK
689,1774114400,2026-03-21 17:33:20,3487,17.93,18.62,44.15,633.3,OK
690,1774115000,2026-03-21 17:43:20,3493,17.87,18.49,44.28,383.3,OK
691,1774115600,2026-03-21 17:53:20,3489,17.75,18.43,44.20,209.1,OK
692,1774116200,2026-03-21 18:03:20,3495,17.68,18.24,45.20,113.3,OK
693,1774116800,2026-03-21 18:13:20,3498,17.68,18.34,44.98,59.1,OK
694,1774117400,2026-03-21 18:23:20,3501,17.62,18.46,44.43,20.8,OK
695,1774118000,2026-03-21 18:33:20,3504,17.56,17.78,46.19,5.0,OK
696,1774118600,2026-03-21 18:43:20,3503,17.56,18.47,44.65,2.5,OK
697,1774119200,2026-03-21 18:53:20,3510,17.50,18.00,46.70,2.5,OK
698,1774119800,2026-03-21 19:03:20,3512,17.43,18.46,45.12,1.6,OK
699,1774120400,2026-03-21 19:13:20,3512,17.37,18.41,45.00,2.5,OK
700,1774121000,2026-03-21 19:23:20,3512,17.31,17.87,46.43,2.5,OK
701,1774121600,2026-03-21 19:33:20,3518,17.31,17.75,46.80,2.5,OK
702,1774122200,2026-03-21 19:43:20,3520,17.25,17.91,45.45,1.6,OK
703,1774122800,2026-03-21 19:53:20,3521,17.18,17.75,46.21,2.5,OK
704,1774123400,2026-03-21 20:03:20,3525,17.18,17.42,48.26,1.6,OK
705,1774124000,2026-03-21 20:13:20,3531,17.12,17.62,49.26,2.5,OK
706,1774124600,2026-03-21 20:23:20,3529,17.06,17.82,50.01,1.6,OK
707,1774125200,2026-03-21 20:33:20,3531,17.00,18.03,49.44,2.5,OK
708,1774125800,2026-03-21 20:43:20,3533,17.00,18.23,49.01,2.5,OK
709,1774126400,2026-03-21 20:53:20,3535,16.93,18.28,49.17,2.5,OK
710,1774127000,2026-03-21 21:03:20,3533,16.93,17.80,50.07,2.5,OK
711,1774127600,2026-03-21 21:13:20,3533,16.93,17.60,50.92,1.6,OK
712,1774128200,2026-03-21 21:23:20,3541,16.93,17.22,50.35,2.5,OK
713,1774128800,2026-03-21 21:33:20,3540,16.93,17.58,47.89,1.6,OK
714,1774129400,2026-03-21 21:43:20,3545,16.87,17.40,49.12,1.6,OK
715,1774130000,2026-03-21 21:53:20,3545,16.81,17.23,48.58,2.5,OK
716,1774130600,2026-03-21 22:03:20,3545,16.81,17.37,48.39,2.5,OK
717,1774131200,2026-03-21 22:13:20,3552,16.75,17.55,47.51,2.5,OK
718,1774131800,2026-03-21 22:23:20,3549,16.68,17.71,46.79,2.5,OK
719,1774132400,2026-03-21 22:33:20,3552,16.62,17.93,48.17,2.5,OK
720,1774133000,2026-03-21 22:43:20,3556,16.62,18.54,46.45,2.5,OK
721,1774133600,2026-03-21 22:53:20,3557,16.62,18.36,47.36,2.5,OK
722,1774134200,2026-03-21 23:03:20,3557,16.68,18.13,46.54,2.5,OK
723,1774134800,2026-03-21 23:13:20,3554,16.68,18.43,47.40,2.5,OK
724,1774135400,2026-03-21 23:23:20,3559,16.75,18.38,47.15,2.5,OK
725,1774136000,2026-03-21 23:33:20,3559,16.81,18.52,46.87,2.5,OK
726,1774136600,2026-03-21 23:43:20,3562,16.81,18.40,47.55,2.5,OK
727,1774137200,2026-03-21 23:53:20,3559,16.87,18.47,47.93,2.5,OK
728,1774137800,2026-03-22 00:03:20,3564,16.93,18.56,46.47,2.5,OK
729,1774138400,2026-03-22 00:13:20,3565,16.93,18.44,47.24,1.6,OK
730,1774139000,2026-03-22 00:23:20,3566,17.00,18.70,47.62,2.5,OK
731,1774139600,2026-03-22 00:33:20,3569,17.06,18.26,47.50,0.0,OK
732,1774140200,2026-03-22 00:43:20,3572,17.12,21.27,42.33,0.0,OK
733,1774140800,2026-03-22 00:53:20,3574,17.12,22.50,40.61,0.0,OK
734,1774141400,2026-03-22 01:03:20,3576,17.12,22.28,40.80,0.0,OK
735,1774142000,2026-03-22 01:13:20,3574,17.25,22.47,40.95,0.0,OK
736,1774142600,2026-03-22 01:23:20,3568,17.43,22.35,41.25,0.0,OK
737,1774143200,2026-03-22 01:33:20,3570,17.68,22.50,41.07,0.0,OK
738,1774143800,2026-03-22 01:43:20,3573,17.93,22.49,41.20,0.0,OK
739,1774144400,2026-03-22 01:53:20,3565,18.18,22.75,41.05,0.0,OK
740,1774145000,2026-03-22 02:03:20,3564,18.43,22.71,40.96,0.0,OK
741,1774145601,2026-03-22 02:13:21,3564,18.68,22.81,40.95,0.0,OK
742,1774146201,2026-03-22 02:23:21,3560,18.93,22.76,41.00,0.0,OK
743,1774146801,2026-03-22 02:33:21,3567,19.06,22.92,41.17,0.0,OK
744,1774147401,2026-03-22 02:43:21,3561,19.31,23.05,41.04,0.0,OK
745,1774148001,2026-03-22 02:53:21,3560,19.43,22.87,41.48,0.0,OK
746,1774148601,2026-03-22 03:03:21,3563,19.62,23.12,41.34,0.0,OK
747,1774149201,2026-03-22 03:13:21,3560,19.81,22.99,41.34,0.0,OK
748,1774149801,2026-03-22 03:23:21,3560,19.93,22.99,41.76,0.0,OK
749,1774150401,2026-03-22 03:33:21,3560,20.06,23.09,41.31,0.0,OK
750,1774151001,2026-03-22 03:43:21,3562,20.18,22.98,41.73,0.0,OK
751,1774151601,2026-03-22 03:53:21,3561,20.31,23.08,41.41,0.0,OK
752,1774152201,2026-03-22 04:03:21,3569,20.37,22.94,41.66,0.0,OK
753,1774152801,2026-03-22 04:13:21,3568,20.43,22.99,41.75,0.0,OK
754,1774153401,2026-03-22 04:23:21,3574,20.56,22.98,41.45,0.0,OK
755,1774154001,2026-03-22 04:33:21,3565,20.62,22.91,41.78,0.0,OK
756,1774154601,2026-03-22 04:43:21,3570,20.75,23.03,41.32,0.0,OK
757,1774155201,2026-03-22 04:53:21,3573,20.75,22.92,41.73,0.0,OK
758,1774155801,2026-03-22 05:03:21,3569,20.87,23.13,41.30,0.0,OK
759,1774156401,2026-03-22 05:13:21,3572,20.87,22.94,41.77,0.0,OK
760,1774157001,2026-03-22 05:23:21,3568,20.93,23.13,41.50,0.0,OK
761,1774157601,2026-03-22 05:33:21,3572,20.93,23.15,41.30,0.0,OK
762,1774158201,2026-03-22 05:43:21,3575,21.06,23.12,41.73,0.0,OK
763,1774158801,2026-03-22 05:53:21,3576,21.06,23.18,41.50,2.5,OK
764,1774159401,2026-03-22 06:03:21,3581,21.06,23.10,41.70,11.6,OK
765,1774160001,2026-03-22 06:13:21,3580,21.12,23.25,41.51,29.9,OK
766,1774160601,2026-03-22 06:23:21,3581,21.12,23.06,41.59,40.8,OK
767,1774161201,2026-03-22 06:33:21,3584,21.18,23.24,41.82,91.6,OK
768,1774161801,2026-03-22 06:43:21,3585,21.18,23.22,41.19,197.4,OK
769,1774162401,2026-03-22 06:53:21,3582,21.25,23.24,41.57,263.3,OK
770,1774163001,2026-03-22 07:03:21,3583,21.25,23.27,41.31,321.6,OK
771,1774163601,2026-03-22 07:13:21,3587,21.31,23.13,41.70,398.3,OK
772,1774164201,2026-03-22 07:23:21,3587,21.31,23.28,41.48,365.8,OK
773,1774164801,2026-03-22 07:33:21,3590,21.37,23.04,41.78,287.5,OK
774,1774165401,2026-03-22 07:43:21,3591,21.37,23.20,41.44,416.6,OK
775,1774166001,2026-03-22 07:53:21,3590,21.43,23.14,41.36,515.0,OK
776,1774166601,2026-03-22 08:03:21,3595,21.43,23.33,41.41,577.5,OK
777,1774167201,2026-03-22 08:13:21,3598,21.43,23.33,41.05,577.5,OK
778,1774167801,2026-03-22 08:23:21,3598,21.50,23.42,41.01,769.9,OK
779,1774168401,2026-03-22 08:33:21,3597,21.50,23.56,39.27,859.1,OK
780,1774169001,2026-03-22 08:43:21,3595,21.50,23.44,40.42,771.6,OK
781,1774169601,2026-03-22 08:53:21,3595,21.56,23.66,40.31,882.4,OK
782,1774170201,2026-03-22 09:03:21,3599,21.56,23.67,40.09,1195.0,OK
783,1774170801,2026-03-22 09:13:21,3595,21.62,23.93,39.92,1362.5,OK
784,1774171401,2026-03-22 09:23:21,3600,21.68,23.76,39.84,1216.6,OK
785,1774172001,2026-03-22 09:33:21,3600,21.75,23.80,40.20,1250.8,OK
786,1774172601,2026-03-22 09:43:21,3600,21.75,23.93,39.88,1211.6,OK
787,1774173201,2026-03-22 09:53:21,3602,21.81,23.78,40.09,1248.3,OK
788,1774173801,2026-03-22 10:03:21,3601,21.87,23.89,40.26,1127.5,OK
789,1774174401,2026-03-22 10:13:21,3600,21.87,23.75,40.40,1089.1,OK
790,1774175001,2026-03-22 10:23:21,3603,21.93,23.83,40.52,1191.6,OK
791,1774175601,2026-03-22 10:33:21,3601,22.00,23.84,40.06,1307.5,OK
792,1774176201,2026-03-22 10:43:21,3603,22.00,23.69,39.70,1299.1,OK
793,1774176801,2026-03-22 10:53:21,3601,22.06,20.46,41.91,1370.0,OK
794,1774177401,2026-03-22 11:03:21,3604,22.06,19.68,44.11,1303.3,OK
795,1774178001,2026-03-22 11:13:21,3608,21.93,19.38,44.62,1351.6,OK
796,1774178601,2026-03-22 11:23:21,3612,21.75,19.40,42.42,1289.1,OK
797,1774179201,2026-03-22 11:33:21,3621,21.43,19.33,43.58,1285.0,OK
798,1774179801,2026-03-22 11:43:21,3619,21.12,19.26,42.38,1315.0,OK
799,1774180401,2026-03-22 11:53:21,3620,20.81,18.85,44.57,1391.6,OK
800,1774181001,2026-03-22 12:03:21,3627,20.56,18.95,45.05,1501.6,OK
801,1774181601,2026-03-22 12:13:21,3636,20.25,18.76,45.60,1578.3,OK
802,1774182201,2026-03-22 12:23:21,3632,20.00,18.87,44.47,1604.1,OK
803,1774182801,2026-03-22 12:33:21,3641,19.75,19.65,42.89,1913.3,OK
804,1774183401,2026-03-22 12:43:21,3643,19.56,19.41,43.10,1790.8,OK
805,1774184001,2026-03-22 12:53:21,3646,19.37,19.08,43.58,1778.3,OK
806,1774184601,2026-03-22 13:03:21,3647,19.25,19.32,42.97,1734.1,OK
807,1774185201,2026-03-22 13:13:21,3651,19.18,19.58,42.52,1456.6,OK
808,1774185801,2026-03-22 13:23:21,3654,19.06,18.93,44.42,1464.1,OK
809,1774186401,2026-03-22 13:33:21,3654,18.93,18.99,43.91,1196.6,OK
810,1774187001,2026-03-22 13:43:21,3659,18.87,20.01,42.30,1011.6,OK
811,1774187601,2026-03-22 13:53:21,3655,18.81,19.35,43.72,1026.6,OK
812,1774188201,2026-03-22 14:03:21,3657,18.75,19.03,43.46,998.3,OK
813,1774188801,2026-03-22 14:13:21,3664,18.68,19.23,43.96,970.8,OK
814,1774189401,2026-03-22 14:23:21,3668,18.62,19.32,44.32,824.9,OK
815,1774190001,2026-03-22 14:33:21,3665,18.56,19.01,45.53,715.0,OK
816,1774190601,2026-03-22 14:43:21,3668,18.50,17.65,46.95,847.4,OK
817,1774191201,2026-03-22 14:53:21,3676,18.50,17.62,48.08,737.5,OK
818,1774191801,2026-03-22 15:03:21,3678,18.37,19.43,42.14,816.6,OK
819,1774192401,2026-03-22 15:13:21,3681,18.25,18.62,44.17,803.3,OK
820,1774193001,2026-03-22 15:23:21,3684,18.18,18.79,42.88,711.6,OK
821,1774193601,2026-03-22 15:33:21,3684,18.12,19.16,41.80,608.3,OK
822,1774194201,2026-03-22 15:43:21,3685,18.06,19.66,40.68,562.5,OK
823,1774194801,2026-03-22 15:53:21,3690,18.06,19.08,41.99,509.1,OK
824,1774195401,2026-03-22 16:03:21,3687,18.00,19.12,41.51,432.4,OK
825,1774196001,2026-03-22 16:13:21,3687,18.06,18.56,42.96,390.8,OK
826,1774196601,2026-03-22 16:23:21,3685,18.00,18.46,43.57,332.5,OK
827,1774197201,2026-03-22 16:33:21,3691,18.06,18.05,44.57,282.5,OK
828,1774197801,2026-03-22 16:43:21,3690,18.00,18.75,41.76,234.1,OK
829,1774198401,2026-03-22 16:53:21,3692,17.93,19.20,40.98,192.4,OK
830,1774199001,2026-03-22 17:03:21,3694,17.93,18.74,41.69,193.3,OK
831,1774199601,2026-03-22 17:13:21,3693,17.87,18.71,41.31,196.6,OK
832,1774200201,2026-03-22 17:23:21,3694,17.87,18.54,42.44,151.6,OK
833,1774200801,2026-03-22 17:33:21,3696,17.87,19.35,40.49,134.1,OK
834,1774201401,2026-03-22 17:43:21,3703,17.81,18.70,42.32,101.6,OK
835,1774202001,2026-03-22 17:53:21,3697,17.81,18.49,42.60,72.5,OK
836,1774202601,2026-03-22 18:03:21,3697,17.81,19.18,41.60,43.3,OK
837,1774203201,2026-03-22 18:13:21,3703,17.81,19.88,40.69,23.3,OK
838,1774203801,2026-03-22 18:23:21,3703,17.81,19.18,42.21,8.3,OK
839,1774204401,2026-03-22 18:33:21,3706,17.87,20.22,39.70,1.6,OK
840,1774205001,2026-03-22 18:43:21,3702,17.81,19.28,42.65,2.5,OK
841,1774205601,2026-03-22 18:53:21,3708,17.87,19.50,42.54,2.5,OK
842,1774206201,2026-03-22 19:03:21,3703,17.93,19.64,46.17,2.5,OK
843,1774206801,2026-03-22 19:13:21,3704,17.93,19.03,48.73,2.5,OK
844,1774207401,2026-03-22 19:23:21,3699,18.00,18.81,46.55,0.0,OK
845,1774208001,2026-03-22 19:33:21,3707,18.06,19.14,43.16,0.0,OK
846,1774208601,2026-03-22 19:43:21,3707,18.06,18.64,44.77,0.0,OK
847,1774209201,2026-03-22 19:53:21,3707,18.06,18.89,43.45,0.0,OK
848,1774209801,2026-03-22 20:03:21,3700,18.06,19.07,43.06,0.0,OK
849,1774210401,2026-03-22 20:13:21,3705,18.00,19.62,42.20,0.0,OK
850,1774211001,2026-03-22 20:23:21,3706,18.00,19.41,42.24,0.0,OK
851,1774211601,2026-03-22 20:33:21,3710,18.00,19.35,41.90,0.0,OK
852,1774212201,2026-03-22 20:43:21,3712,18.00,19.44,42.11,0.0,OK
853,1774212801,2026-03-22 20:53:21,3710,18.00,19.48,41.36,0.0,OK
854,1774213401,2026-03-22 21:03:21,3709,18.06,19.63,41.63,2.5,OK
855,1774214001,2026-03-22 21:13:21,3716,18.06,20.18,40.85,2.5,OK
856,1774214601,2026-03-22 21:23:21,3720,18.06,20.19,41.72,2.5,OK
857,1774215201,2026-03-22 21:33:21,3718,18.12,20.30,39.87,2.5,OK
858,1774215801,2026-03-22 21:43:21,3714,18.12,20.59,40.49,2.5,OK
859,1774216401,2026-03-22 21:53:21,3712,18.18,19.95,40.49,2.5,OK
860,1774217001,2026-03-22 22:03:21,3714,18.25,20.52,41.32,2.5,OK
861,1774217601,2026-03-22 22:13:21,3712,18.31,19.84,40.71,2.5,OK
862,1774218201,2026-03-22 22:23:21,3712,18.31,20.49,41.57,2.5,OK
863,1774218801,2026-03-22 22:33:21,3711,18.37,20.62,41.83,2.5,OK
864,1774219401,2026-03-22 22:43:21,3712,18.43,20.23,44.24,2.5,OK
865,1774220001,2026-03-22 22:53:21,3713,18.50,20.34,41.76,2.5,OK
866,1774220601,2026-03-22 23:03:21,3711,18.50,20.34,43.67,2.5,OK
867,1774221201,2026-03-22 23:13:21,3710,18.56,20.44,42.96,2.5,OK
868,1774221801,2026-03-22 23:23:21,3711,18.62,20.49,42.58,2.5,OK
869,1774222401,2026-03-22 23:33:21,3710,18.62,19.99,43.82,2.5,OK
870,1774223001,2026-03-22 23:43:21,3713,18.62,20.16,43.05,2.5,OK
871,1774223601,2026-03-22 23:53:21,3716,18.68,19.77,44.27,2.5,OK
872,1774224201,2026-03-23 00:03:21,3717,18.62,20.00,42.94,2.5,OK
873,1774224801,2026-03-23 00:13:21,3719,18.62,19.83,44.32,2.5,OK
874,1774225401,2026-03-23 00:23:21,3719,18.62,19.42,43.83,2.5,OK
875,1774226001,2026-03-23 00:33:21,3716,18.62,19.97,42.85,2.5,OK
876,1774226601,2026-03-23 00:43:21,3716,18.56,20.73,43.17,0.0,OK
877,1774227201,2026-03-23 00:53:21,3723,18.56,22.50,40.97,0.0,OK
878,1774227801,2026-03-23 01:03:21,3718,18.56,22.84,40.56,0.0,OK
879,1774228401,2026-03-23 01:13:21,3721,18.62,22.80,40.87,0.0,OK
880,1774229001,2026-03-23 01:23:21,3719,18.75,22.87,40.99,0.0,OK
881,1774229601,2026-03-23 01:33:21,3715,18.87,23.14,40.77,0.0,OK
882,1774230201,2026-03-23 01:43:21,3717,19.12,22.99,41.36,0.0,OK
883,1774230801,2026-03-23 01:53:21,3713,19.25,22.89,41.84,0.0,OK
884,1774231401,2026-03-23 02:03:21,3710,19.50,23.05,41.71,0.0,OK
885,1774232001,2026-03-23 02:13:21,3713,19.62,23.01,41.70,0.0,OK
886,1774232601,2026-03-23 02:23:21,3711,19.81,23.01,41.87,0.0,OK
887,1774233201,2026-03-23 02:33:21,3706,20.00,23.04,41.61,0.0,OK
888,1774233801,2026-03-23 02:43:21,3704,20.12,23.00,41.88,0.0,OK
889,1774234401,2026-03-23 02:53:21,3709,20.25,23.10,42.03,0.0,OK
890,1774235001,2026-03-23 03:03:21,3702,20.31,23.24,41.92,0.0,OK
891,1774235601,2026-03-23 03:13:21,3701,20.50,23.03,42.26,0.0,OK
892,1774236202,2026-03-23 03:23:22,3703,20.56,23.22,42.13,0.0,OK
893,1774236802,2026-03-23 03:33:22,3693,20.68,23.30,41.97,0.0,OK
894,1774237402,2026-03-23 03:43:22,3698,20.75,23.11,42.45,0.0,OK
895,1774238002,2026-03-23 03:53:22,3701,20.87,23.27,42.70,0.0,OK
896,1774238602,2026-03-23 04:03:22,3703,20.93,23.34,42.61,0.0,OK
897,1774239202,2026-03-23 04:13:22,3699,21.00,23.14,42.93,0.0,OK
898,1774239802,2026-03-23 04:23:22,3701,21.06,23.25,42.91,0.0,OK
899,1774240402,2026-03-23 04:33:22,3702,21.12,23.27,43.09,0.0,OK
900,1774241002,2026-03-23 04:43:22,3702,21.18,23.22,43.14,0.0,OK
901,1774241602,2026-03-23 04:53:22,3701,21.25,23.31,42.84,0.0,OK
902,1774242202,2026-03-23 05:03:22,3693,21.31,23.12,43.37,0.0,OK
903,1774242802,2026-03-23 05:13:22,3699,21.31,23.27,42.97,0.0,OK
904,1774243402,2026-03-23 05:23:22,3700,21.37,23.14,42.84,0.0,OK
905,1774244002,2026-03-23 05:33:22,3700,21.37,23.26,42.76,0.0,OK
906,1774244602,2026-03-23 05:43:22,3700,21.43,23.37,42.65,0.8,OK
907,1774245202,2026-03-23 05:53:22,3701,21.50,23.18,43.19,8.3,OK
908,1774245802,2026-03-23 06:03:22,3703,21.50,23.28,42.89,32.5,OK
909,1774246402,2026-03-23 06:13:22,3702,21.50,23.24,42.99,82.5,OK
910,1774247002,2026-03-23 06:23:22,3704,21.56,23.27,42.90,172.5,OK
911,1774247602,2026-03-23 06:33:22,3701,21.56,23.34,42.85,255.8,OK
912,1774248202,2026-03-23 06:43:22,3702,21.56,23.30,43.06,291.6,OK
913,1774248802,2026-03-23 06:53:22,3701,21.56,23.47,42.64,491.6,OK
914,1774249402,2026-03-23 07:03:22,3706,21.56,23.56,42.36,798.3,OK
915,1774250002,2026-03-23 07:13:22,3707,21.62,23.57,42.40,941.6,OK
916,1774250602,2026-03-23 07:23:22,3705,21.62,23.76,42.00,915.8,OK
917,1774251202,2026-03-23 07:33:22,3708,21.68,23.70,42.08,950.8,OK
918,1774251802,2026-03-23 07:43:22,3707,21.75,23.68,42.51,1026.6,OK
919,1774252402,2026-03-23 07:53:22,3709,21.81,23.84,41.95,1195.0,OK
920,1774253002,2026-03-23 08:03:22,3706,21.87,23.90,41.94,1373.3,OK
921,1774253602,2026-03-23 08:13:22,3702,21.93,24.16,41.25,1734.9,OK
922,1774254202,2026-03-23 08:23:22,3703,21.93,24.33,41.12,2348.3,OK
923,1774254802,2026-03-23 08:33:22,3701,22.00,24.73,39.91,2845.8,OK
924,1774255402,2026-03-23 08:43:22,3698,22.06,24.63,39.76,2906.6,OK
925,1774256002,2026-03-23 08:53:22,3702,22.12,24.80,40.09,2930.0,OK
926,1774256602,2026-03-23 09:03:22,3702,22.25,25.23,39.42,3595.8,OK
927,1774257202,2026-03-23 09:13:22,3702,23.40,27.54,36.96,2829.2,INTERP
928,1774257802,2026-03-23 09:23:22,3698,23.45,27.68,37.04,2742.2,INTERP
929,1774258402,2026-03-23 09:33:22,3707,23.35,27.23,36.27,2443.9,INTERP
930,1774259002,2026-03-23 09:43:22,3703,23.45,27.40,36.72,2463.3,INTERP
931,1774259602,2026-03-23 09:53:22,3709,23.24,27.41,37.09,3183.1,INTERP
932,1774260202,2026-03-23 10:03:22,3704,23.20,26.85,37.55,2980.7,INTERP
933,1774260802,2026-03-23 10:13:22,3710,23.07,27.39,36.67,3207.5,INTERP
934,1774261402,2026-03-23 10:23:22,3710,23.11,27.17,37.31,2762.5,INTERP
935,1774262002,2026-03-23 10:33:22,3708,23.01,26.82,37.65,2796.3,INTERP
936,1774262602,2026-03-23 10:43:22,3709,22.98,26.75,37.48,2809.1,INTERP
937,1774263202,2026-03-23 10:53:22,3716,22.95,26.34,37.38,3306.3,INTERP
938,1774263802,2026-03-23 11:03:22,3710,22.97,26.71,37.74,3401.9,INTERP
939,1774264402,2026-03-23 11:13:22,3715,22.80,26.39,37.49,3251.7,INTERP
940,1774265002,2026-03-23 11:23:22,3715,22.79,26.83,37.99,3278.1,INTERP
941,1774265602,2026-03-23 11:33:22,3713,22.75,26.69,38.18,2378.8,INTERP
942,1774266202,2026-03-23 11:43:22,3716,22.56,25.84,38.17,2576.9,INTERP
943,1774266802,2026-03-23 11:53:22,3721,22.59,26.69,38.30,2136.6,INTERP
944,1774267402,2026-03-23 12:03:22,3713,22.46,25.93,38.48,2431.4,INTERP
945,1774268002,2026-03-23 12:13:22,3712,22.51,26.03,38.51,2458.1,INTERP
946,1774268602,2026-03-23 12:23:22,3726,22.43,25.55,38.50,1969.7,INTERP
947,1774269202,2026-03-23 12:33:22,3721,22.21,25.68,38.49,1802.1,INTERP
948,1774269802,2026-03-23 12:43:22,3722,22.38,25.22,39.47,1715.0,INTERP
949,1774270402,2026-03-23 12:53:22,3727,22.03,25.65,39.71,1663.4,INTERP
950,1774271002,2026-03-23 13:03:22,3718,22.15,25.47,39.21,2058.6,INTERP
951,1774271602,2026-03-23 13:13:22,3722,22.03,24.62,39.55,1461.3,INTERP
952,1774272202,2026-03-23 13:23:22,3734,21.88,24.69,39.66,1417.9,INTERP
953,1774272802,2026-03-23 13:33:22,3724,21.94,24.85,40.43,1200.7,INTERP
954,1774273402,2026-03-23 13:43:22,3725,21.90,24.35,40.58,1408.6,INTERP
955,1774274002,2026-03-23 13:53:22,3728,21.73,24.91,40.16,1194.4,INTERP
956,1774274602,2026-03-23 14:03:22,3723,21.62,24.54,40.11,1070.2,INTERP
957,1774275202,2026-03-23 14:13:22,3729,21.40,24.42,40.73,852.7,INTERP
958,1774275802,2026-03-23 14:23:22,3735,21.44,24.34,40.42,772.1,INTERP
959,1774276402,2026-03-23 14:33:22,3731,21.54,23.45,41.43,899.5,INTERP
960,1774277002,2026-03-23 14:43:22,3735,21.38,23.20,42.12,485.0,INTERP
961,1774277602,2026-03-23 14:53:22,3731,21.19,23.66,41.52,516.1,INTERP
962,1774278202,2026-03-23 15:03:22,3733,21.12,23.29,40.47,534.5,INTERP
963,1774278802,2026-03-23 15:13:22,3730,20.98,23.63,42.09,318.5,INTERP
964,1774279402,2026-03-23 15:23:22,3734,20.94,23.25,41.39,245.1,INTERP
965,1774280002,2026-03-23 15:33:22,3740,21.02,23.40,42.22,167.4,INTERP
966,1774280602,2026-03-23 15:43:22,3735,20.89,23.54,42.23,193.8,INTERP
967,1774281202,2026-03-23 15:53:22,3734,20.74,22.29,42.21,59.7,INTERP
968,1774281802,2026-03-23 16:03:22,3737,20.51,23.13,42.39,85.0,INTERP
969,1774282402,2026-03-23 16:13:22,3743,20.57,23.74,42.65,22.3,INTERP
970,1774283002,2026-03-23 16:23:22,3743,20.60,22.38,43.16,0.0,INTERP
971,1774283602,2026-03-23 16:33:22,3744,20.26,21.84,42.00,1.6,INTERP
972,1774284202,2026-03-23 16:43:22,3748,20.29,22.27,43.80,2.3,INTERP
973,1774284802,2026-03-23 16:53:22,3744,20.24,22.60,43.63,0.7,INTERP
974,1774285402,2026-03-23 17:03:22,3740,20.05,22.32,44.04,0.7,INTERP
975,1774286002,2026-03-23 17:13:22,3738,20.07,22.17,43.31,1.1,INTERP
976,1774286602,2026-03-23 17:23:22,3746,19.99,22.05,42.90,0.7,INTERP
977,1774287202,2026-03-23 17:33:22,3747,19.81,21.87,43.76,0.2,INTERP
978,1774287802,2026-03-23 17:43:22,3752,19.72,21.27,43.57,1.5,INTERP
979,1774288402,2026-03-23 17:53:22,3749,19.80,21.50,44.95,2.0,INTERP
980,1774289002,2026-03-23 18:03:22,3753,19.57,21.71,44.42,0.3,INTERP
981,1774289602,2026-03-23 18:13:22,3751,19.47,21.22,44.54,0.4,INTERP
982,1774290202,2026-03-23 18:23:22,3757,19.50,22.04,44.11,2.2,INTERP
983,1774290802,2026-03-23 18:33:22,3757,19.52,21.09,45.34,2.0,INTERP
984,1774291402,2026-03-23 18:43:22,3756,19.33,21.31,45.29,0.3,INTERP
985,1774292002,2026-03-23 18:53:22,3758,19.27,21.40,45.40,1.2,INTERP
986,1774292602,2026-03-23 19:03:22,3753,19.46,21.26,44.67,0.5,INTERP
987,1774293202,2026-03-23 19:13:22,3753,19.41,21.44,44.55,1.6,INTERP
988,1774293802,2026-03-23 19:23:22,3750,19.35,20.47,44.42,0.3,INTERP
989,1774294402,2026-03-23 19:33:22,3759,19.15,21.35,44.66,0.3,INTERP
990,1774295002,2026-03-23 19:43:22,3754,19.16,20.92,45.43,1.3,INTERP
991,1774295602,2026-03-23 19:53:22,3756,19.13,21.03,45.63,0.0,INTERP
992,1774296202,2026-03-23 20:03:22,3763,18.98,20.93,44.07,1.7,INTERP
993,1774296802,2026-03-23 20:13:22,3760,19.00,20.86,44.53,0.8,INTERP
994,1774297402,2026-03-23 20:23:22,3764,18.83,20.90,45.35,1.0,INTERP
995,1774298002,2026-03-23 20:33:22,3760,18.94,21.19,45.33,2.4,INTERP
996,1774298602,2026-03-23 20:43:22,3761,18.71,20.77,44.69,1.4,INTERP
997,1774299202,2026-03-23 20:53:22,3767,18.83,20.60,45.27,1.6,INTERP
998,1774299802,2026-03-23 21:03:22,3762,18.81,21.04,45.54,2.3,INTERP
999,1774300402,2026-03-23 21:13:22,3767,18.72,21.28,45.29,1.6,INTERP
1000,1774301002,2026-03-23 21:23:22,3764,18.87,20.98,44.23,0.6,INTERP
1001,1774301602,2026-03-23 21:33:22,3768,18.73,21.00,45.54,2.1,INTERP
1002,1774302202,2026-03-23 21:43:22,3771,18.73,20.88,44.71,1.7,INTERP
1003,1774302802,2026-03-23 21:53:22,3767,18.67,21.02,44.89,1.9,INTERP
1004,1774303402,2026-03-23 22:03:22,3771,18.62,20.90,45.04,2.4,INTERP
1005,1774304002,2026-03-23 22:13:22,3770,18.63,21.10,45.84,1.1,INTERP
1006,1774304602,2026-03-23 22:23:22,3774,18.51,21.54,44.78,2.4,INTERP
1007,1774305202,2026-03-23 22:33:22,3776,18.54,21.10,44.21,2.1,INTERP
1008,1774305802,2026-03-23 22:43:22,3768,18.55,21.20,44.18,0.6,INTERP
1009,1774306402,2026-03-23 22:53:22,3775,18.71,21.30,44.09,1.6,INTERP
1010,1774307002,2026-03-23 23:03:22,3775,18.62,21.26,45.03,0.8,INTERP
1011,1774307602,2026-03-23 23:13:22,3775,18.58,21.42,45.35,1.8,INTERP
1012,1774308202,2026-03-23 23:23:22,3780,18.62,21.13,44.38,0.5,INTERP
1013,1774308802,2026-03-23 23:33:22,3773,18.67,21.09,44.06,2.1,INTERP
1014,1774309402,2026-03-23 23:43:22,3779,18.51,21.83,44.40,1.9,INTERP
1015,1774310002,2026-03-23 23:53:22,3785,18.43,21.18,44.71,1.4,INTERP
1016,1774310602,2026-03-24 00:03:22,3779,18.56,21.74,44.76,0.1,INTERP
1017,1774311202,2026-03-24 00:13:22,3779,18.71,21.60,44.33,1.2,INTERP
1018,1774311802,2026-03-24 00:23:22,3786,18.69,22.12,44.16,1.4,INTERP
1019,1774312402,2026-03-24 00:33:22,3788,18.64,22.12,44.41,0.1,INTERP
1020,1774313002,2026-03-24 00:43:22,3783,18.67,21.74,44.66,0.9,INTERP
1021,1774314092,2026-03-24 01:01:32,3786,19.25,22.75,42.99,0.0,OK
1022,1774314692,2026-03-24 01:11:32,3791,19.25,22.79,43.90,0.0,OK
1023,1774315292,2026-03-24 01:21:32,3786,19.25,23.13,44.10,0.0,OK
1024,1774315892,2026-03-24 01:31:32,3780,19.37,22.99,45.12,0.0,OK
1025,1774316492,2026-03-24 01:41:32,3782,19.50,23.14,45.49,0.0,OK
1026,1774317092,2026-03-24 01:51:32,3786,19.62,23.48,45.55,0.0,OK
1027,1774317692,2026-03-24 02:01:32,3789,19.87,23.30,46.14,0.0,OK
1028,1774318292,2026-03-24 02:11:32,3782,20.06,23.26,48.22,0.0,OK
1029,1774318892,2026-03-24 02:21:32,3781,20.25,23.24,48.42,0.0,OK
1030,1774319492,2026-03-24 02:31:32,3781,20.37,23.23,48.38,0.0,OK
1031,1774320092,2026-03-24 02:41:32,3779,20.50,23.30,48.38,0.0,OK
1032,1774320692,2026-03-24 02:51:32,3781,20.68,23.16,49.06,0.0,OK
1033,1774321292,2026-03-24 03:01:32,3784,20.87,23.39,49.27,0.0,OK
1034,1774321892,2026-03-24 03:11:32,3779,20.93,23.23,49.14,0.0,OK
1035,1774322492,2026-03-24 03:21:32,3779,21.06,23.20,50.40,0.0,OK
1036,1774323092,2026-03-24 03:31:32,3774,21.12,23.09,50.58,0.0,OK
1037,1774323692,2026-03-24 03:41:32,3781,21.25,23.11,51.24,0.0,OK
1038,1774324292,2026-03-24 03:51:32,3778,21.31,23.14,51.21,0.0,OK
1039,1774324892,2026-03-24 04:01:32,3776,21.37,23.31,51.01,0.0,OK
1040,1774325492,2026-03-24 04:11:32,3782,21.43,23.51,50.37,0.0,OK
1041,1774326092,2026-03-24 04:21:32,3776,21.50,23.22,51.10,0.0,OK
1042,1774326692,2026-03-24 04:31:32,3780,21.56,23.55,50.63,0.0,OK
1043,1774327292,2026-03-24 04:41:32,3776,21.56,23.42,50.57,0.0,OK
1044,1774327892,2026-03-24 04:51:32,3784,21.62,23.46,51.00,0.0,OK
1045,1774328492,2026-03-24 05:01:32,3776,21.68,23.48,50.26,0.0,OK
1046,1774329092,2026-03-24 05:11:32,3784,21.75,23.39,51.55,0.0,OK
1047,1774329692,2026-03-24 05:21:32,3781,21.81,23.68,50.31,0.0,OK
1048,1774330292,2026-03-24 05:31:32,3781,21.81,23.46,51.11,0.0,OK
1049,1774330892,2026-03-24 05:41:32,3783,21.87,23.57,51.87,0.8,OK
1050,1774331492,2026-03-24 05:51:32,3780,21.87,23.42,51.91,5.8,OK
1051,1774332092,2026-03-24 06:01:32,3779,21.93,23.57,52.31,36.6,OK
1052,1774332692,2026-03-24 06:11:32,3783,22.00,23.63,52.11,159.1,OK
1053,1774333292,2026-03-24 06:21:32,3786,22.00,23.64,52.60,414.1,OK
1054,1774333892,2026-03-24 06:31:32,3783,22.06,23.91,51.85,854.9,OK
1055,1774334492,2026-03-24 06:41:32,3781,22.12,24.59,49.34,2483.3,OK
1056,1774335092,2026-03-24 06:51:32,3781,22.12,24.52,50.47,1465.0,OK
1057,1774335692,2026-03-24 07:01:32,3779,22.18,24.42,49.72,1597.4,OK
1058,1774336292,2026-03-24 07:11:32,3785,22.31,24.57,49.79,1990.8,OK
1059,1774336892,2026-03-24 07:21:32,3780,22.37,25.33,47.95,3825.8,OK
1060,1774337492,2026-03-24 07:31:32,3780,22.50,25.30,47.53,3174.9,OK
1061,1774338092,2026-03-24 07:41:32,3779,22.68,25.34,47.22,3025.0,OK
1062,1774338692,2026-03-24 07:51:32,3776,22.81,25.30,47.22,3096.6,OK
1063,1774339292,2026-03-24 08:01:32,3776,22.93,25.33,47.31,3160.8,OK
1064,1774339892,2026-03-24 08:11:32,3775,23.12,25.42,46.58,3505.8,OK
1065,1774340492,2026-03-24 08:21:32,3778,23.25,25.73,46.71,5664.1,OK
1066,1774341092,2026-03-24 08:31:32,3774,23.37,26.21,45.50,6302.4,OK
1067,1774341692,2026-03-24 08:41:32,3777,23.50,26.67,43.94,2159.7,OK
1068,1774342292,2026-03-24 08:51:32,3771,23.68,24.30,41.65,1013.0,OK
1069,1774342892,2026-03-24 09:01:32,2268,23.93,22.74,43.11,5720.8,OK
1070,1774343492,2026-03-24 09:11:32,2617,24.43,20.68,36.03,5075.8,OK
1071,1774344092,2026-03-24 09:21:32,2762,24.37,22.37,36.39,4875.0,OK
1072,1774344692,2026-03-24 09:31:32,2816,24.18,22.70,38.40,4141.6,OK
1073,1774345292,2026-03-24 09:41:32,2848,23.87,22.51,38.38,3761.6,OK
1074,1774345892,2026-03-24 09:51:32,2870,23.56,22.13,39.53,3779.9,OK
1075,1774346492,2026-03-24 10:01:32,2895,23.18,22.12,38.78,3837.4,OK
1076,1774347092,2026-03-24 10:11:32,2915,22.87,22.32,40.19,3463.3,OK
1077,1774347692,2026-03-24 10:21:32,2930,22.56,22.36,38.08,3235.8,OK
1078,1774348292,2026-03-24 10:31:32,2946,22.25,22.23,37.59,3224.9,OK
1079,1774348892,2026-03-24 10:41:32,2957,22.00,22.64,39.18,2995.0,OK
1080,1774349492,2026-03-24 10:51:32,2966,21.81,23.13,38.34,2899.1,OK
1081,1774350092,2026-03-24 11:01:32,2974,21.56,23.24,36.12,2865.0,OK
1082,1774350692,2026-03-24 11:11:32,2983,21.43,23.30,34.59,3324.9,OK
1083,1774351292,2026-03-24 11:21:32,2990,21.37,22.78,35.82,2903.3,OK
1084,1774351892,2026-03-24 11:31:32,2998,21.25,22.67,36.24,3081.6,OK
1085,1774352492,2026-03-24 11:41:32,3003,21.18,23.28,34.49,2910.0,OK
1086,1774353092,2026-03-24 11:51:32,3012,21.12,22.85,36.26,2763.3,OK
1087,1774353692,2026-03-24 12:01:32,3021,21.06,22.59,35.75,2512.5,OK
1088,1774354292,2026-03-24 12:11:32,3025,21.06,22.23,34.27,2245.8,OK
1089,1774354892,2026-03-24 12:21:32,3030,20.93,22.11,34.31,2243.3,OK
1090,1774355492,2026-03-24 12:31:32,3037,20.93,22.54,34.81,2200.0,OK
1091,1774356092,2026-03-24 12:41:32,3044,20.81,22.14,34.45,2159.1,OK
1092,1774356692,2026-03-24 12:51:32,3048,20.75,22.43,34.34,2157.5,OK
1093,1774357292,2026-03-24 13:01:32,3056,20.68,22.18,31.51,2170.8,OK
1094,1774357892,2026-03-24 13:11:32,3061,20.62,22.93,31.60,2220.8,OK
1095,1774358493,2026-03-24 13:21:33,3066,20.56,22.55,32.45,2310.8,OK
1096,1774359093,2026-03-24 13:31:33,3071,20.56,22.70,32.23,2234.1,OK
1097,1774359693,2026-03-24 13:41:33,3076,20.50,22.46,32.83,2250.0,OK
1098,1774360293,2026-03-24 13:51:33,3080,20.50,23.28,32.30,2545.8,OK
1099,1774360893,2026-03-24 14:01:33,3082,20.43,23.22,30.89,2130.0,OK
1100,1774361493,2026-03-24 14:11:33,3086,20.43,22.82,31.39,2234.1,OK
1101,1774362093,2026-03-24 14:21:33,3090,20.43,22.50,31.90,2335.8,OK
1102,1774362693,2026-03-24 14:31:33,3092,20.50,22.31,32.29,2014.1,OK
1103,1774363293,2026-03-24 14:41:33,3095,20.43,23.04,31.73,2887.5,OK
1104,1774363893,2026-03-24 14:51:33,3099,20.43,23.45,29.90,2844.1,OK
1105,1774364493,2026-03-24 15:01:33,3098,20.43,23.53,29.89,2777.5,OK
1106,1774365093,2026-03-24 15:11:33,3104,20.43,22.82,32.44,2537.5,OK
1107,1774365693,2026-03-24 15:21:33,3105,20.50,22.54,32.37,2089.1,OK
1108,1774366293,2026-03-24 15:31:33,3111,20.50,22.65,31.97,2469.1,OK
1109,1774366893,2026-03-24 15:41:33,3111,20.50,22.38,31.43,1743.3,OK
1110,1774367493,2026-03-24 15:51:33,3116,20.50,22.25,33.70,2132.5,OK
1111,1774368093,2026-03-24 16:01:33,3118,20.50,23.17,32.91,2044.9,OK
1112,1774368693,2026-03-24 16:11:33,3119,20.43,23.04,31.66,1675.8,OK
1113,1774369293,2026-03-24 16:21:33,3118,20.43,22.68,32.65,2244.1,OK
1114,1774369893,2026-03-24 16:31:33,3120,20.43,22.52,34.19,1982.4,OK
1115,1774370493,2026-03-24 16:41:33,3123,20.43,22.76,33.51,1628.3,OK
1116,1774371093,2026-03-24 16:51:33,3126,20.43,22.90,33.41,1520.8,OK
1117,1774371693,2026-03-24 17:01:33,3129,20.43,22.42,33.80,1273.3,OK
1118,1774372293,2026-03-24 17:11:33,3131,20.43,21.99,35.34,1046.6,OK
1119,1774372893,2026-03-24 17:21:33,3135,20.43,22.24,34.02,949.9,OK
1120,1774373493,2026-03-24 17:31:33,3137,20.43,22.26,34.07,859.1,OK
1121,1774374093,2026-03-24 17:41:33,3139,20.37,22.03,34.88,700.0,OK
1122,1774374693,2026-03-24 17:51:33,3137,20.31,21.49,35.97,536.6,OK
1123,1774375293,2026-03-24 18:01:33,3144,20.31,21.38,36.25,341.6,OK
1124,1774375893,2026-03-24 18:11:33,3148,20.18,21.25,37.60,155.8,OK
1125,1774376493,2026-03-24 18:21:33,3149,20.12,22.11,37.08,73.3,OK
1126,1774377093,2026-03-24 18:31:33,3148,20.06,22.34,37.34,24.9,OK
1127,1774377693,2026-03-24 18:41:33,3148,20.00,21.76,40.20,6.6,OK
1128,1774378293,2026-03-24 18:51:33,3148,20.00,22.26,41.60,3.3,OK
1129,1774378893,2026-03-24 19:01:33,3148,19.93,22.43,46.30,3.3,OK
1130,1774379493,2026-03-24 19:11:33,3149,19.93,22.24,46.42,3.3,OK
1131,1774380093,2026-03-24 19:21:33,3152,20.00,22.35,47.85,3.3,OK
1132,1774380693,2026-03-24 19:31:33,3149,20.00,21.93,46.40,5.0,OK
1133,1774381293,2026-03-24 19:41:33,3152,20.00,22.46,44.70,5.0,OK
1134,1774381893,2026-03-24 19:51:33,3156,19.93,22.57,44.83,5.0,OK
1135,1774382493,2026-03-24 20:01:33,3153,20.00,22.49,42.82,5.0,OK
1136,1774383093,2026-03-24 20:11:33,3154,20.00,22.99,44.30,5.0,OK
1137,1774383693,2026-03-24 20:21:33,3154,20.00,22.83,43.50,5.0,OK
1138,1774384293,2026-03-24 20:31:33,3161,20.00,22.07,43.56,5.0,OK
1139,1774384893,2026-03-24 20:41:33,3161,20.00,22.15,42.12,4.1,OK
1140,1774385493,2026-03-24 20:51:33,3160,19.93,21.92,43.58,5.0,OK
1141,1774386093,2026-03-24 21:01:33,3162,19.93,22.28,43.20,5.0,OK
1142,1774386693,2026-03-24 21:11:33,3165,19.87,22.05,46.89,5.0,OK
1143,1774387293,2026-03-24 21:21:33,3167,19.87,21.50,45.00,5.0,OK
1144,1774387893,2026-03-24 21:31:33,3170,19.81,22.08,46.37,5.0,OK
1145,1774388493,2026-03-24 21:41:33,3170,19.75,22.07,51.18,5.0,OK
1146,1774389093,2026-03-24 21:51:33,3173,19.68,21.72,50.14,5.0,OK
1147,1774389693,2026-03-24 22:01:33,3175,19.68,21.83,49.96,5.0,OK
1148,1774390293,2026-03-24 22:11:33,3176,19.62,21.94,47.25,4.1,OK
1149,1774390893,2026-03-24 22:21:33,3176,19.56,21.99,45.31,5.0,OK
1150,1774391493,2026-03-24 22:31:33,3179,19.50,21.42,43.61,5.0,OK
1151,1774392093,2026-03-24 22:41:33,3182,19.50,21.46,46.49,5.0,OK
1152,1774392693,2026-03-24 22:51:33,3186,19.43,21.68,46.55,5.0,OK
1153,1774393293,2026-03-24 23:01:33,3186,19.37,22.41,46.33,4.1,OK
1154,1774393893,2026-03-24 23:11:33,3189,19.31,22.57,42.04,5.0,OK
1155,1774394493,2026-03-24 23:21:33,3187,19.31,22.45,45.16,5.0,OK
1156,1774395093,2026-03-24 23:31:33,3187,19.25,21.17,44.48,4.1,OK
1157,1774395693,2026-03-24 23:41:33,3191,19.25,21.42,47.36,5.0,OK
1158,1774396293,2026-03-24 23:51:33,3194,19.18,21.46,45.71,0.0,OK
1159,1774396893,2026-03-25 00:01:33,3195,19.18,20.38,46.92,0.0,OK
1160,1774397493,2026-03-25 00:11:33,3198,19.12,20.37,48.04,0.0,OK
1161,1774398093,2026-03-25 00:21:33,3202,19.06,20.86,45.91,0.0,OK
1162,1774398693,2026-03-25 00:31:33,3206,18.93,20.25,46.86,0.0,OK
1163,1774399293,2026-03-25 00:41:33,3205,18.81,20.67,43.23,0.0,OK
1164,1774399893,2026-03-25 00:51:33,3211,18.75,20.79,44.75,0.0,OK
1165,1774400493,2026-03-25 01:01:33,3211,18.68,20.75,45.67,0.0,OK
1166,1774401093,2026-03-25 01:11:33,3215,18.62,21.54,43.95,0.0,OK
1167,1774401693,2026-03-25 01:21:33,3210,18.50,22.77,45.14,0.0,OK
1168,1774402293,2026-03-25 01:31:33,3209,18.43,23.16,45.36,0.0,OK
1169,1774402893,2026-03-25 01:41:33,3206,18.50,23.28,45.75,0.0,OK
1170,1774403493,2026-03-25 01:51:33,3202,18.62,23.36,46.43,0.0,OK
1171,1774404093,2026-03-25 02:01:33,3197,18.75,23.33,46.84,0.0,OK
1172,1774404693,2026-03-25 02:11:33,3195,18.93,23.39,47.79,0.0,OK
1173,1774405293,2026-03-25 02:21:33,3194,19.12,23.41,48.30,0.0,OK
1174,1774405893,2026-03-25 02:31:33,3191,19.37,23.34,48.70,0.0,OK
1175,1774406493,2026-03-25 02:41:33,3188,19.56,23.43,48.92,0.0,OK
1176,1774407093,2026-03-25 02:51:33,3187,19.75,23.57,48.85,0.0,OK
1177,1774407693,2026-03-25 03:01:33,3184,19.93,23.41,49.76,0.0,OK
1178,1774408293,2026-03-25 03:11:33,3184,20.12,23.60,49.55,0.0,OK
1179,1774408893,2026-03-25 03:21:33,3184,20.25,23.49,50.05,0.0,OK
1180,1774409493,2026-03-25 03:31:33,3184,20.43,23.65,51.22,0.0,OK
1181,1774410093,2026-03-25 03:41:33,3181,20.56,23.61,52.42,0.0,OK
1182,1774410693,2026-03-25 03:51:33,3181,20.68,23.38,53.67,0.0,OK
1183,1774411293,2026-03-25 04:01:33,3181,20.81,23.54,53.01,0.0,OK
1184,1774411893,2026-03-25 04:11:33,3180,20.87,23.49,53.34,0.0,OK
1185,1774412493,2026-03-25 04:21:33,3181,21.00,23.53,54.37,0.0,OK
1186,1774413093,2026-03-25 04:31:33,3182,21.06,23.41,53.80,0.0,OK
1187,1774413693,2026-03-25 04:41:33,3184,21.12,23.53,53.03,0.0,OK
1188,1774414293,2026-03-25 04:51:33,3181,21.18,23.48,53.56,0.0,OK
1189,1774414893,2026-03-25 05:01:33,3182,21.25,23.43,54.81,0.0,OK
1190,1774415493,2026-03-25 05:11:33,3183,21.31,23.53,54.46,0.0,OK
1191,1774416093,2026-03-25 05:21:33,3179,21.37,23.51,55.42,0.0,OK
1192,1774416693,2026-03-25 05:31:33,3181,21.43,23.70,54.45,0.8,OK
1193,1774417293,2026-03-25 05:41:33,3183,21.50,23.53,54.20,5.8,OK
1194,1774417893,2026-03-25 05:51:33,3183,21.50,23.73,54.92,35.0,OK
1195,1774418493,2026-03-25 06:01:33,3185,21.56,23.60,54.51,132.5,OK
1196,1774419093,2026-03-25 06:11:33,3185,21.56,23.88,54.15,366.6,OK
1197,1774419693,2026-03-25 06:21:33,3184,21.62,24.28,53.26,912.4,OK
1198,1774420293,2026-03-25 06:31:33,3185,21.68,24.93,51.82,2145.0,OK
1199,1774420893,2026-03-25 06:41:33,3187,21.75,26.17,49.00,4256.6,OK
1200,1774421493,2026-03-25 06:51:33,3182,21.81,27.26,47.26,6351.6,OK
1201,1774422093,2026-03-25 07:01:33,3176,22.00,28.33,44.87,1773.9,OK
1202,1774422693,2026-03-25 07:11:33,3175,22.25,28.19,37.89,3576.4,OK
1203,1774423293,2026-03-25 07:21:33,3173,22.62,30.09,35.71,5194.7,OK
1204,1774423893,2026-03-25 07:31:33,3171,22.93,30.24,32.32,145.2,OK
1205,1774424493,2026-03-25 07:41:33,3170,23.31,31.75,30.39,1227.7,OK
1206,1774425093,2026-03-25 07:51:33,3170,23.62,31.93,31.48,2114.4,OK
1207,1774425693,2026-03-25 08:01:33,3168,24.06,32.58,28.96,2716.9,OK
1208,1774426293,2026-03-25 08:11:33,3163,24.37,31.57,33.03,3194.4,OK
1209,1774426893,2026-03-25 08:21:33,3161,24.87,29.56,36.64,3569.4,OK
1210,1774427493,2026-03-25 08:31:33,3156,25.37,26.78,34.07,3519.4,OK
1211,1774428093,2026-03-25 08:41:33,3155,25.87,24.58,34.36,2771.9,OK
1212,1774428693,2026-03-25 08:51:33,3163,26.31,24.23,37.54,4568.9,OK
1213,1774429293,2026-03-25 09:01:33,3172,26.56,23.88,37.62,5418.3,OK
1214,1774429893,2026-03-25 09:11:33,3186,26.50,24.50,32.88,5087.5,OK
1215,1774430493,2026-03-25 09:21:33,3192,26.25,24.91,33.32,4820.0,OK
1216,1774431093,2026-03-25 09:31:33,3197,26.00,25.30,33.23,4539.1,OK
1217,1774431693,2026-03-25 09:41:33,3202,25.62,24.73,36.06,4370.0,OK
1218,1774432293,2026-03-25 09:51:33,3205,25.37,25.24,34.77,4200.8,OK
1219,1774432893,2026-03-25 10:01:33,3207,25.06,24.46,36.10,3981.6,OK
1220,1774433493,2026-03-25 10:11:33,3212,24.81,24.84,35.64,3789.1,OK
1221,1774434093,2026-03-25 10:21:33,3218,24.62,23.84,34.97,3609.9,OK
1222,1774434693,2026-03-25 10:31:33,3221,24.37,24.38,34.85,3475.8,OK
1223,1774435293,2026-03-25 10:41:33,3224,24.12,24.45,34.98,3299.1,OK
1224,1774435893,2026-03-25 10:51:33,3229,23.93,23.84,34.73,3042.5,OK
1225,1774436493,2026-03-25 11:01:33,3233,23.75,24.31,36.13,2819.1,OK
1226,1774437093,2026-03-25 11:11:33,3235,23.56,24.00,34.99,2712.5,OK
1227,1774437693,2026-03-25 11:21:33,3244,23.37,23.93,37.16,2606.6,OK
1228,1774438293,2026-03-25 11:31:33,3245,23.18,23.87,34.35,2525.8,OK
1229,1774438893,2026-03-25 11:41:33,3250,23.06,23.69,33.82,2483.3,OK
1230,1774439493,2026-03-25 11:51:33,3250,22.87,23.62,38.01,2432.5,OK
1231,1774440093,2026-03-25 12:01:33,3255,22.75,23.33,34.38,2370.8,OK
1232,1774440693,2026-03-25 12:11:33,3261,22.62,24.27,34.83,2335.0,OK
1233,1774441293,2026-03-25 12:21:33,3262,22.43,23.87,33.50,2303.3,OK
1234,1774441894,2026-03-25 12:31:34,3261,22.37,23.52,33.41,2241.6,OK
1235,1774442494,2026-03-25 12:41:34,3267,22.31,23.33,35.02,2200.0,OK
1236,1774443094,2026-03-25 12:51:34,3268,22.18,23.24,36.24,2160.0,OK
1237,1774443694,2026-03-25 13:01:34,3273,22.12,23.57,32.85,2136.6,OK
1238,1774444294,2026-03-25 13:11:34,3277,22.00,23.71,32.10,2107.5,OK
1239,1774444894,2026-03-25 13:21:34,3277,21.93,23.72,36.27,2079.1,OK
1240,1774445494,2026-03-25 13:31:34,3281,21.87,23.44,36.74,2051.6,OK
1241,1774446094,2026-03-25 13:41:34,3280,21.81,23.31,34.38,2029.9,OK
1242,1774446694,2026-03-25 13:51:34,3283,21.75,24.01,34.49,1996.6,OK
1243,1774447294,2026-03-25 14:01:34,3286,21.68,23.66,33.57,1970.8,OK
1244,1774447894,2026-03-25 14:11:34,3290,21.62,23.15,35.01,1959.1,OK
1245,1774448494,2026-03-25 14:21:34,3291,21.62,22.90,32.94,1917.4,OK
1246,1774449094,2026-03-25 14:31:34,3295,21.56,23.39,34.65,1894.1,OK
1247,1774449694,2026-03-25 14:41:34,3298,21.50,23.16,35.73,1874.1,OK
1248,1774450294,2026-03-25 14:51:34,3301,21.43,22.97,33.30,1854.9,OK
1249,1774450894,2026-03-25 15:01:34,3303,21.37,23.62,32.84,1832.4,OK
1250,1774451494,2026-03-25 15:11:34,3306,21.31,23.96,34.01,1804.9,OK
1251,1774452094,2026-03-25 15:21:34,3306,21.25,23.47,32.03,1769.1,OK
1252,1774452694,2026-03-25 15:31:34,3305,21.25,23.21,33.91,1741.6,OK
1253,1774453294,2026-03-25 15:41:34,3312,21.25,22.99,34.07,1700.8,OK
1254,1774453894,2026-03-25 15:51:34,3314,21.25,23.25,31.82,1666.6,OK
1255,1774454494,2026-03-25 16:01:34,3315,21.25,23.38,29.52,1618.3,OK
1256,1774455094,2026-03-25 16:11:34,3317,21.18,23.42,30.47,1566.6,OK
1257,1774455694,2026-03-25 16:21:34,3316,21.18,22.89,33.60,1490.0,OK
1258,1774456294,2026-03-25 16:31:34,3320,21.12,22.87,32.33,1411.6,OK
1259,1774456894,2026-03-25 16:41:34,3325,21.12,22.83,33.28,1340.0,OK
1260,1774457494,2026-03-25 16:51:34,3327,21.06,23.26,33.38,1267.5,OK
1261,1774458094,2026-03-25 17:01:34,3327,21.06,23.40,32.59,1185.8,OK
1262,1774458694,2026-03-25 17:11:34,3328,21.00,23.05,34.96,1086.6,OK
1263,1774459294,2026-03-25 17:21:34,3331,21.00,23.17,35.74,978.3,OK
1264,1774459894,2026-03-25 17:31:34,3331,20.93,22.64,34.73,849.9,OK
1265,1774460494,2026-03-25 17:41:34,3332,21.00,22.87,34.16,710.8,OK
1266,1774461094,2026-03-25 17:51:34,3333,21.00,23.11,37.81,550.0,OK
1267,1774461694,2026-03-25 18:01:34,3335,20.93,23.21,39.44,388.3,OK
1268,1774462294,2026-03-25 18:11:34,3333,20.93,22.96,37.40,230.8,OK
1269,1774462894,2026-03-25 18:21:34,3336,20.93,23.21,36.73,101.6,OK
1270,1774463494,2026-03-25 18:31:34,3338,20.87,23.25,38.48,28.3,OK
1271,1774464094,2026-03-25 18:41:34,3339,20.87,22.93,37.28,4.1,OK
1272,1774464694,2026-03-25 18:51:34,3342,20.87,22.43,38.18,0.8,OK
1273,1774465294,2026-03-25 19:01:34,3344,20.81,22.90,39.19,0.0,OK
1274,1774465894,2026-03-25 19:11:34,3344,20.75,22.40,34.90,0.0,OK
1275,1774466494,2026-03-25 19:21:34,3348,20.75,22.48,37.82,0.0,OK
1276,1774467094,2026-03-25 19:31:34,3350,20.68,22.77,38.82,0.0,OK
1277,1774467694,2026-03-25 19:41:34,3350,20.62,22.50,38.28,0.0,OK
1278,1774468294,2026-03-25 19:51:34,3353,20.56,22.65,39.02,0.0,OK
1279,1774468894,2026-03-25 20:01:34,3353,20.50,22.61,39.70,0.0,OK
1280,1774469494,2026-03-25 20:11:34,3356,20.43,22.13,38.87,0.0,OK
1281,1774470094,2026-03-25 20:21:34,3358,20.43,21.95,39.09,2.5,OK
1282,1774470694,2026-03-25 20:31:34,3359,20.37,22.90,39.21,2.5,OK
1283,1774471294,2026-03-25 20:41:34,3360,20.31,21.90,36.63,2.5,OK
1284,1774471894,2026-03-25 20:51:34,3363,20.25,22.04,38.36,2.5,OK
1285,1774472494,2026-03-25 21:01:34,3365,20.25,22.06,38.90,2.5,OK
1286,1774473094,2026-03-25 21:11:34,3370,20.18,21.38,38.94,2.5,OK
1287,1774473694,2026-03-25 21:21:34,3371,20.12,21.89,39.54,2.5,OK
1288,1774474294,2026-03-25 21:31:34,3373,20.00,21.40,40.37,2.5,OK
1289,1774474894,2026-03-25 21:41:34,3376,20.00,21.98,40.91,2.5,OK
1290,1774475494,2026-03-25 21:51:34,3377,19.87,22.34,40.50,2.5,OK
1291,1774476094,2026-03-25 22:01:34,3380,19.81,22.01,41.53,2.5,OK
1292,1774476694,2026-03-25 22:11:34,3381,19.81,22.35,40.10,2.5,OK
1293,1774477294,2026-03-25 22:21:34,3381,19.75,22.23,39.97,2.5,OK
1294,1774477894,2026-03-25 22:31:34,3384,19.75,22.48,42.11,2.5,OK
1295,1774478494,2026-03-25 22:41:34,3383,19.75,22.03,42.67,2.5,OK
1296,1774479094,2026-03-25 22:51:34,3384,19.75,21.78,43.59,2.5,OK
1297,1774479694,2026-03-25 23:01:34,3387,19.75,22.25,42.95,2.5,OK
1298,1774480294,2026-03-25 23:11:34,3389,19.68,22.19,41.63,2.5,OK
1299,1774480894,2026-03-25 23:21:34,3392,19.68,21.97,43.66,2.5,OK
1300,1774481494,2026-03-25 23:31:34,3393,19.68,22.07,44.03,2.5,OK
1301,1774482094,2026-03-25 23:41:34,3392,19.68,21.50,43.27,0.0,OK
1302,1774482694,2026-03-25 23:51:34,3396,19.62,21.49,42.63,0.0,OK
1303,1774483294,2026-03-26 00:01:34,3397,19.56,21.48,43.05,0.0,OK
1304,1774483894,2026-03-26 00:11:34,3404,19.50,21.56,41.92,0.0,OK
1305,1774484494,2026-03-26 00:21:34,3403,19.43,21.37,42.79,0.0,OK
1306,1774485094,2026-03-26 00:31:34,3410,19.37,21.40,41.55,0.0,OK
1307,1774485694,2026-03-26 00:41:34,3410,19.31,20.99,42.93,0.0,OK
1308,1774486294,2026-03-26 00:51:34,3412,19.31,21.19,42.86,0.0,OK
1309,1774486894,2026-03-26 01:01:34,3416,19.18,20.78,42.84,0.0,OK
1310,1774487494,2026-03-26 01:11:34,3417,19.12,20.85,45.14,0.0,OK
1311,1774488094,2026-03-26 01:21:34,3421,19.06,20.38,42.75,0.0,OK
1312,1774488694,2026-03-26 01:31:34,3424,19.00,20.82,42.55,0.0,OK
1313,1774489294,2026-03-26 01:41:34,3429,18.87,21.05,42.57,0.0,OK
1314,1774489894,2026-03-26 01:51:34,3430,18.81,20.65,43.95,0.0,OK
1315,1774490494,2026-03-26 02:01:34,3429,18.75,20.35,41.26,0.0,OK
1316,1774491094,2026-03-26 02:11:34,3435,18.68,20.24,44.10,0.0,OK
1317,1774491694,2026-03-26 02:21:34,3439,18.56,20.61,43.05,0.0,OK
1318,1774492294,2026-03-26 02:31:34,3437,18.50,20.42,42.57,0.0,OK
1319,1774492894,2026-03-26 02:41:34,3440,18.43,20.47,41.13,0.0,OK
1320,1774493494,2026-03-26 02:51:34,3444,18.43,20.59,41.58,0.0,OK
1321,1774494094,2026-03-26 03:01:34,3446,18.37,20.50,42.97,0.0,OK
1322,1774494694,2026-03-26 03:11:34,3443,18.31,20.74,41.87,0.0,OK
1323,1774495294,2026-03-26 03:21:34,3448,18.31,20.22,42.19,0.0,OK
1324,1774495894,2026-03-26 03:31:34,3449,18.25,20.40,44.16,0.0,OK
1325,1774496494,2026-03-26 03:41:34,3450,18.31,20.33,43.05,0.0,OK
1326,1774497094,2026-03-26 03:51:34,3453,18.25,20.15,44.25,0.0,OK
1327,1774497694,2026-03-26 04:01:34,3457,18.25,19.78,44.96,0.0,OK
1328,1774498294,2026-03-26 04:11:34,3457,18.18,19.85,45.04,0.0,OK
1329,1774498894,2026-03-26 04:21:34,3461,18.12,20.19,42.09,0.0,OK
1330,1774499494,2026-03-26 04:31:34,3464,18.12,20.44,40.88,0.0,OK
1331,1774500094,2026-03-26 04:41:34,3464,18.06,19.74,43.91,0.0,OK
1332,1774500694,2026-03-26 04:51:34,3468,18.00,20.17,41.99,0.0,OK
1333,1774501294,2026-03-26 05:01:34,3471,18.00,20.03,42.53,0.0,OK
1334,1774501894,2026-03-26 05:11:34,3472,18.00,20.00,41.89,0.0,OK
1335,1774502494,2026-03-26 05:21:34,3475,18.00,20.00,42.29,0.0,OK
1336,1774503094,2026-03-26 05:31:34,3475,18.00,19.76,44.68,0.8,OK
1337,1774503694,2026-03-26 05:41:34,3476,17.93,19.97,40.07,7.4,OK
1338,1774504294,2026-03-26 05:51:34,3482,17.93,19.74,45.15,46.6,OK
1339,1774504894,2026-03-26 06:01:34,3483,17.93,20.06,41.61,162.5,OK
1340,1774505494,2026-03-26 06:11:34,3484,17.87,20.15,41.37,429.9,OK
1341,1774506094,2026-03-26 06:21:34,3482,17.87,20.53,40.18,1019.1,OK
1342,1774506694,2026-03-26 06:31:34,3486,17.87,21.45,39.05,2083.3,OK
1343,1774507294,2026-03-26 06:41:34,3489,17.93,21.90,38.93,3690.8,OK
1344,1774507894,2026-03-26 06:51:34,3491,18.00,23.09,36.95,5385.0,OK
1345,1774508494,2026-03-26 07:01:34,3483,18.12,24.28,33.61,586.3,OK
1346,1774509094,2026-03-26 07:11:34,3485,18.37,25.95,33.74,2258.9,OK
1347,1774509694,2026-03-26 07:21:34,3482,18.75,27.04,29.62,3698.9,OK
1348,1774510294,2026-03-26 07:31:34,3483,19.12,27.65,28.79,4703.9,OK
1349,1774510894,2026-03-26 07:41:34,3478,19.62,28.89,27.40,6136.3,OK
1350,1774511494,2026-03-26 07:51:34,3474,20.25,28.92,27.31,6298.0,OK
1351,1774512094,2026-03-26 08:01:34,3471,20.87,30.20,26.80,114.4,OK
1352,1774512694,2026-03-26 08:11:34,3467,21.50,29.51,30.59,1241.9,OK
1353,1774513294,2026-03-26 08:21:34,3463,22.12,28.67,29.16,1130.2,OK
1354,1774513894,2026-03-26 08:31:34,3458,22.75,27.38,31.44,2149.4,OK
1355,1774514494,2026-03-26 08:41:34,3458,23.37,28.24,30.43,1897.7,OK
1356,1774515094,2026-03-26 08:51:34,3450,24.00,25.90,30.24,5258.0,OK
1357,1774515694,2026-03-26 09:01:34,3455,24.56,27.39,30.46,6018.3,OK
1358,1774516294,2026-03-26 09:11:34,3457,25.06,27.24,30.67,5629.1,OK
1359,1774516894,2026-03-26 09:21:34,3461,25.37,27.18,30.79,5495.0,OK
1360,1774517494,2026-03-26 09:31:34,3465,25.56,26.26,32.05,5055.0,OK
1361,1774518094,2026-03-26 09:41:34,3467,25.68,26.06,31.80,4812.5,OK
1362,1774518694,2026-03-26 09:51:34,3471,25.68,25.96,32.09,4900.0,OK
1363,1774519294,2026-03-26 10:01:34,3474,25.62,25.52,32.06,4645.8,OK
1364,1774519894,2026-03-26 10:11:34,3480,25.56,25.49,31.08,4383.3,OK
1365,1774520494,2026-03-26 10:21:34,3482,25.43,25.63,32.90,4208.3,OK
1366,1774521094,2026-03-26 10:31:34,3484,25.31,25.00,33.57,4392.5,OK
1367,1774521694,2026-03-26 10:41:34,3485,25.12,25.55,31.93,4400.8,OK
1368,1774522294,2026-03-26 10:51:34,3494,25.00,26.06,32.55,4686.6,OK
1369,1774522894,2026-03-26 11:01:34,3496,24.87,25.37,33.18,4908.3,OK
1370,1774523494,2026-03-26 11:11:34,3497,24.75,25.44,32.84,5006.6,OK
1371,1774524094,2026-03-26 11:21:34,3504,24.62,24.98,33.57,5115.0,OK
1372,1774524695,2026-03-26 11:31:35,3507,24.50,24.98,31.33,4955.0,OK
1373,1774525295,2026-03-26 11:41:35,3509,24.43,25.38,31.49,4912.5,OK
1374,1774525895,2026-03-26 11:51:35,3512,24.25,24.67,32.88,4444.1,OK
1375,1774526495,2026-03-26 12:01:35,3520,24.18,24.63,34.83,4120.8,OK
1376,1774527095,2026-03-26 12:11:35,3523,24.06,24.73,35.53,3596.6,OK
1377,1774527695,2026-03-26 12:21:35,3524,24.00,24.86,34.07,3654.1,OK
1378,1774528295,2026-03-26 12:31:35,3527,23.87,24.65,33.86,3415.8,OK
1379,1774528895,2026-03-26 12:41:35,3525,23.81,24.01,35.64,3040.0,OK
1380,1774529495,2026-03-26 12:51:35,3533,23.75,23.85,34.68,2761.6,OK
1381,1774530095,2026-03-26 13:01:35,3538,23.62,24.13,34.16,2547.5,OK
1382,1774530695,2026-03-26 13:11:35,3539,23.50,24.02,31.76,2381.6,OK
1383,1774531295,2026-03-26 13:21:35,3548,23.37,23.88,32.73,2256.6,OK
1384,1774531895,2026-03-26 13:31:35,3549,23.25,23.64,35.66,2162.5,OK
1385,1774532495,2026-03-26 13:41:35,3551,23.18,23.17,34.66,2067.5,OK
1386,1774533095,2026-03-26 13:51:35,3553,23.06,23.26,33.45,2031.6,OK
1387,1774533695,2026-03-26 14:01:35,3561,22.93,23.95,32.37,1952.4,OK
1388,1774534295,2026-03-26 14:11:35,3564,22.81,23.56,32.76,1960.8,OK
1389,1774534895,2026-03-26 14:21:35,3568,22.75,23.47,33.50,1967.4,OK
1390,1774535495,2026-03-26 14:31:35,3570,22.62,23.36,34.92,1926.6,OK
1391,1774536095,2026-03-26 14:41:35,3567,22.56,23.01,35.25,1860.8,OK
1392,1774536695,2026-03-26 14:51:35,3574,22.50,23.69,33.24,1823.3,OK
1393,1774537295,2026-03-26 15:01:35,3576,22.43,23.47,33.49,1737.4,OK
1394,1774537895,2026-03-26 15:11:35,3577,22.37,23.00,35.90,1750.8,OK
1395,1774538495,2026-03-26 15:21:35,3581,22.31,22.93,35.66,1720.8,OK
1396,1774539095,2026-03-26 15:31:35,3585,22.18,23.00,35.87,1688.3,OK
1397,1774540357,2026-03-26 15:52:37,3601,22.00,23.05,36.79,565.0,OK
1398,1774540957,2026-03-26 16:02:37,3604,21.93,23.12,35.92,545.0,OK
1399,1774541407,2026-03-26 16:10:07,3583,21.87,23.59,35.13,531.6,OK
